productUid,title,collectionHandle,catalogUid,attributesJson
acrylic_12x12-inch-300x300-mm_4-mm_4-0_hor,Acrylic prints — hor,acrylic-prints,acrylic,"{""AcrylicEdge"":""none"",""AcrylicProperties"":""4-mm"",""ColorType"":""4-0"",""Orientation"":""hor"",""ProductStatus"":""activated"",""State"":""published"",""UnifiedAcrylicFormat"":""12x12-inch-300x300-mm""}"
acrylic_12x12-inch-300x300-mm_4-mm_4-0_ver,Acrylic prints — ver,acrylic-prints,acrylic,"{""AcrylicEdge"":""none"",""AcrylicProperties"":""4-mm"",""ColorType"":""4-0"",""Orientation"":""ver"",""ProductStatus"":""activated"",""State"":""published"",""UnifiedAcrylicFormat"":""12x12-inch-300x300-mm""}"
acrylic_12x16-inch-300x400-mm_4-mm_4-0_hor,Acrylic prints — hor,acrylic-prints,acrylic,"{""AcrylicEdge"":""none"",""AcrylicProperties"":""4-mm"",""ColorType"":""4-0"",""Orientation"":""hor"",""ProductStatus"":""activated"",""State"":""published"",""UnifiedAcrylicFormat"":""12x16-inch-300x400-mm""}"
acrylic_12x16-inch-300x400-mm_4-mm_4-0_ver,Acrylic prints — ver,acrylic-prints,acrylic,"{""AcrylicEdge"":""none"",""AcrylicProperties"":""4-mm"",""ColorType"":""4-0"",""Orientation"":""ver"",""ProductStatus"":""activated"",""State"":""published"",""UnifiedAcrylicFormat"":""12x16-inch-300x400-mm""}"
acrylic_12x18-inch-300x450-mm_4-mm_4-0_hor,Acrylic prints — hor,acrylic-prints,acrylic,"{""AcrylicEdge"":""none"",""AcrylicProperties"":""4-mm"",""ColorType"":""4-0"",""Orientation"":""hor"",""ProductStatus"":""activated"",""State"":""published"",""UnifiedAcrylicFormat"":""12x18-inch-300x450-mm""}"
acrylic_12x18-inch-300x450-mm_4-mm_4-0_ver,Acrylic prints — ver,acrylic-prints,acrylic,"{""AcrylicEdge"":""none"",""AcrylicProperties"":""4-mm"",""ColorType"":""4-0"",""Orientation"":""ver"",""ProductStatus"":""activated"",""State"":""published"",""UnifiedAcrylicFormat"":""12x18-inch-300x450-mm""}"
acrylic_12x36-inch-300x900-mm_4-mm_4-0_hor,Acrylic prints — hor,acrylic-prints,acrylic,"{""AcrylicEdge"":""none"",""AcrylicProperties"":""4-mm"",""ColorType"":""4-0"",""Orientation"":""hor"",""ProductStatus"":""activated"",""State"":""published"",""UnifiedAcrylicFormat"":""12x36-inch-300x900-mm""}"
acrylic_12x36-inch-300x900-mm_4-mm_4-0_ver,Acrylic prints — ver,acrylic-prints,acrylic,"{""AcrylicEdge"":""none"",""AcrylicProperties"":""4-mm"",""ColorType"":""4-0"",""Orientation"":""ver"",""ProductStatus"":""activated"",""State"":""published"",""UnifiedAcrylicFormat"":""12x36-inch-300x900-mm""}"
acrylic_16x16-inch-400x400-mm_4-mm_4-0_hor,Acrylic prints — hor,acrylic-prints,acrylic,"{""AcrylicEdge"":""none"",""AcrylicProperties"":""4-mm"",""ColorType"":""4-0"",""Orientation"":""hor"",""ProductStatus"":""activated"",""State"":""published"",""UnifiedAcrylicFormat"":""16x16-inch-400x400-mm""}"
acrylic_16x16-inch-400x400-mm_4-mm_4-0_ver,Acrylic prints — ver,acrylic-prints,acrylic,"{""AcrylicEdge"":""none"",""AcrylicProperties"":""4-mm"",""ColorType"":""4-0"",""Orientation"":""ver"",""ProductStatus"":""activated"",""State"":""published"",""UnifiedAcrylicFormat"":""16x16-inch-400x400-mm""}"
acrylic_16x20-inch-400x500-mm_4-mm_4-0_hor,Acrylic prints — hor,acrylic-prints,acrylic,"{""AcrylicEdge"":""none"",""AcrylicProperties"":""4-mm"",""ColorType"":""4-0"",""Orientation"":""hor"",""ProductStatus"":""activated"",""State"":""published"",""UnifiedAcrylicFormat"":""16x20-inch-400x500-mm""}"
acrylic_16x20-inch-400x500-mm_4-mm_4-0_ver,Acrylic prints — ver,acrylic-prints,acrylic,"{""AcrylicEdge"":""none"",""AcrylicProperties"":""4-mm"",""ColorType"":""4-0"",""Orientation"":""ver"",""ProductStatus"":""activated"",""State"":""published"",""UnifiedAcrylicFormat"":""16x20-inch-400x500-mm""}"
acrylic_16x24-inch-400x600-mm_4-mm_4-0_hor,Acrylic prints — hor,acrylic-prints,acrylic,"{""AcrylicEdge"":""none"",""AcrylicProperties"":""4-mm"",""ColorType"":""4-0"",""Orientation"":""hor"",""ProductStatus"":""activated"",""State"":""published"",""UnifiedAcrylicFormat"":""16x24-inch-400x600-mm""}"
acrylic_16x24-inch-400x600-mm_4-mm_4-0_ver,Acrylic prints — ver,acrylic-prints,acrylic,"{""AcrylicEdge"":""none"",""AcrylicProperties"":""4-mm"",""ColorType"":""4-0"",""Orientation"":""ver"",""ProductStatus"":""activated"",""State"":""published"",""UnifiedAcrylicFormat"":""16x24-inch-400x600-mm""}"
acrylic_18x24-inch-450x600-mm_4-mm_4-0_hor,Acrylic prints — hor,acrylic-prints,acrylic,"{""AcrylicEdge"":""none"",""AcrylicProperties"":""4-mm"",""ColorType"":""4-0"",""Orientation"":""hor"",""ProductStatus"":""activated"",""State"":""published"",""UnifiedAcrylicFormat"":""18x24-inch-450x600-mm""}"
acrylic_18x24-inch-450x600-mm_4-mm_4-0_ver,Acrylic prints — ver,acrylic-prints,acrylic,"{""AcrylicEdge"":""none"",""AcrylicProperties"":""4-mm"",""ColorType"":""4-0"",""Orientation"":""ver"",""ProductStatus"":""activated"",""State"":""published"",""UnifiedAcrylicFormat"":""18x24-inch-450x600-mm""}"
acrylic_200x200-mm-8x8-inch_4-mm_4-0_hor,Acrylic prints — hor,acrylic-prints,acrylic,"{""AcrylicEdge"":""none"",""AcrylicProperties"":""4-mm"",""ColorType"":""4-0"",""Orientation"":""hor"",""ProductStatus"":""activated"",""State"":""published"",""UnifiedAcrylicFormat"":""200x200-mm-8x8-inch""}"
acrylic_200x200-mm-8x8-inch_4-mm_4-0_ver,Acrylic prints — ver,acrylic-prints,acrylic,"{""AcrylicEdge"":""none"",""AcrylicProperties"":""4-mm"",""ColorType"":""4-0"",""Orientation"":""ver"",""ProductStatus"":""activated"",""State"":""published"",""UnifiedAcrylicFormat"":""200x200-mm-8x8-inch""}"
acrylic_200x300-mm-8x12-inch_4-mm_4-0_hor,Acrylic prints — hor,acrylic-prints,acrylic,"{""AcrylicEdge"":""none"",""AcrylicProperties"":""4-mm"",""ColorType"":""4-0"",""Orientation"":""hor"",""ProductStatus"":""activated"",""State"":""published"",""UnifiedAcrylicFormat"":""200x300-mm-8x12-inch""}"
acrylic_200x300-mm-8x12-inch_4-mm_4-0_ver,Acrylic prints — ver,acrylic-prints,acrylic,"{""AcrylicEdge"":""none"",""AcrylicProperties"":""4-mm"",""ColorType"":""4-0"",""Orientation"":""ver"",""ProductStatus"":""activated"",""State"":""published"",""UnifiedAcrylicFormat"":""200x300-mm-8x12-inch""}"
acrylic_200x600-mm-8x24-inch_4-mm_4-0_hor,Acrylic prints — hor,acrylic-prints,acrylic,"{""AcrylicEdge"":""none"",""AcrylicProperties"":""4-mm"",""ColorType"":""4-0"",""Orientation"":""hor"",""ProductStatus"":""activated"",""State"":""published"",""UnifiedAcrylicFormat"":""200x600-mm-8x24-inch""}"
acrylic_200x600-mm-8x24-inch_4-mm_4-0_ver,Acrylic prints — ver,acrylic-prints,acrylic,"{""AcrylicEdge"":""none"",""AcrylicProperties"":""4-mm"",""ColorType"":""4-0"",""Orientation"":""ver"",""ProductStatus"":""activated"",""State"":""published"",""UnifiedAcrylicFormat"":""200x600-mm-8x24-inch""}"
acrylic_20x20-inch-500x500-mm_4-mm_4-0_hor,Acrylic prints — hor,acrylic-prints,acrylic,"{""AcrylicEdge"":""none"",""AcrylicProperties"":""4-mm"",""ColorType"":""4-0"",""Orientation"":""hor"",""ProductStatus"":""activated"",""State"":""published"",""UnifiedAcrylicFormat"":""20x20-inch-500x500-mm""}"
acrylic_20x20-inch-500x500-mm_4-mm_4-0_ver,Acrylic prints — ver,acrylic-prints,acrylic,"{""AcrylicEdge"":""none"",""AcrylicProperties"":""4-mm"",""ColorType"":""4-0"",""Orientation"":""ver"",""ProductStatus"":""activated"",""State"":""published"",""UnifiedAcrylicFormat"":""20x20-inch-500x500-mm""}"
acrylic_20x28-inch-500x700-mm_4-mm_4-0_hor,Acrylic prints — hor,acrylic-prints,acrylic,"{""AcrylicEdge"":""none"",""AcrylicProperties"":""4-mm"",""ColorType"":""4-0"",""Orientation"":""hor"",""ProductStatus"":""activated"",""State"":""published"",""UnifiedAcrylicFormat"":""20x28-inch-500x700-mm""}"
acrylic_20x28-inch-500x700-mm_4-mm_4-0_ver,Acrylic prints — ver,acrylic-prints,acrylic,"{""AcrylicEdge"":""none"",""AcrylicProperties"":""4-mm"",""ColorType"":""4-0"",""Orientation"":""ver"",""ProductStatus"":""activated"",""State"":""published"",""UnifiedAcrylicFormat"":""20x28-inch-500x700-mm""}"
acrylic_20x30-inch-500x750-mm_4-mm_4-0_hor,Acrylic prints — hor,acrylic-prints,acrylic,"{""AcrylicEdge"":""none"",""AcrylicProperties"":""4-mm"",""ColorType"":""4-0"",""Orientation"":""hor"",""ProductStatus"":""activated"",""State"":""published"",""UnifiedAcrylicFormat"":""20x30-inch-500x750-mm""}"
acrylic_20x30-inch-500x750-mm_4-mm_4-0_ver,Acrylic prints — ver,acrylic-prints,acrylic,"{""AcrylicEdge"":""none"",""AcrylicProperties"":""4-mm"",""ColorType"":""4-0"",""Orientation"":""ver"",""ProductStatus"":""activated"",""State"":""published"",""UnifiedAcrylicFormat"":""20x30-inch-500x750-mm""}"
acrylic_24x24-inch-600x600-mm_4-mm_4-0_hor,Acrylic prints — hor,acrylic-prints,acrylic,"{""AcrylicEdge"":""none"",""AcrylicProperties"":""4-mm"",""ColorType"":""4-0"",""Orientation"":""hor"",""ProductStatus"":""activated"",""State"":""published"",""UnifiedAcrylicFormat"":""24x24-inch-600x600-mm""}"
acrylic_24x24-inch-600x600-mm_4-mm_4-0_ver,Acrylic prints — ver,acrylic-prints,acrylic,"{""AcrylicEdge"":""none"",""AcrylicProperties"":""4-mm"",""ColorType"":""4-0"",""Orientation"":""ver"",""ProductStatus"":""activated"",""State"":""published"",""UnifiedAcrylicFormat"":""24x24-inch-600x600-mm""}"
acrylic_24x32-inch-600x800-mm_4-mm_4-0_hor,Acrylic prints — hor,acrylic-prints,acrylic,"{""AcrylicEdge"":""none"",""AcrylicProperties"":""4-mm"",""ColorType"":""4-0"",""Orientation"":""hor"",""ProductStatus"":""activated"",""State"":""published"",""UnifiedAcrylicFormat"":""24x32-inch-600x800-mm""}"
acrylic_24x32-inch-600x800-mm_4-mm_4-0_ver,Acrylic prints — ver,acrylic-prints,acrylic,"{""AcrylicEdge"":""none"",""AcrylicProperties"":""4-mm"",""ColorType"":""4-0"",""Orientation"":""ver"",""ProductStatus"":""activated"",""State"":""published"",""UnifiedAcrylicFormat"":""24x32-inch-600x800-mm""}"
acrylic_24x36-inch-600x900-mm_4-mm_4-0_hor,Acrylic prints — hor,acrylic-prints,acrylic,"{""AcrylicEdge"":""none"",""AcrylicProperties"":""4-mm"",""ColorType"":""4-0"",""Orientation"":""hor"",""ProductStatus"":""activated"",""State"":""published"",""UnifiedAcrylicFormat"":""24x36-inch-600x900-mm""}"
acrylic_24x36-inch-600x900-mm_4-mm_4-0_ver,Acrylic prints — ver,acrylic-prints,acrylic,"{""AcrylicEdge"":""none"",""AcrylicProperties"":""4-mm"",""ColorType"":""4-0"",""Orientation"":""ver"",""ProductStatus"":""activated"",""State"":""published"",""UnifiedAcrylicFormat"":""24x36-inch-600x900-mm""}"
acrylic_28x40-inch-700x1000-mm_4-mm_4-0_hor,Acrylic prints — hor,acrylic-prints,acrylic,"{""AcrylicEdge"":""none"",""AcrylicProperties"":""4-mm"",""ColorType"":""4-0"",""Orientation"":""hor"",""ProductStatus"":""activated"",""State"":""published"",""UnifiedAcrylicFormat"":""28x40-inch-700x1000-mm""}"
acrylic_28x40-inch-700x1000-mm_4-mm_4-0_ver,Acrylic prints — ver,acrylic-prints,acrylic,"{""AcrylicEdge"":""none"",""AcrylicProperties"":""4-mm"",""ColorType"":""4-0"",""Orientation"":""ver"",""ProductStatus"":""activated"",""State"":""published"",""UnifiedAcrylicFormat"":""28x40-inch-700x1000-mm""}"
acrylic_300x300-mm-12x12-inch_4-mm_4-0_hor,Acrylic prints — hor,acrylic-prints,acrylic,"{""AcrylicEdge"":""none"",""AcrylicProperties"":""4-mm"",""ColorType"":""4-0"",""Orientation"":""hor"",""ProductStatus"":""activated"",""State"":""published"",""UnifiedAcrylicFormat"":""300x300-mm-12x12-inch""}"
acrylic_300x300-mm-12x12-inch_4-mm_4-0_ver,Acrylic prints — ver,acrylic-prints,acrylic,"{""AcrylicEdge"":""none"",""AcrylicProperties"":""4-mm"",""ColorType"":""4-0"",""Orientation"":""ver"",""ProductStatus"":""activated"",""State"":""published"",""UnifiedAcrylicFormat"":""300x300-mm-12x12-inch""}"
acrylic_300x400-mm-12x16-inch_4-mm_4-0_hor,Acrylic prints — hor,acrylic-prints,acrylic,"{""AcrylicEdge"":""none"",""AcrylicProperties"":""4-mm"",""ColorType"":""4-0"",""Orientation"":""hor"",""ProductStatus"":""activated"",""State"":""published"",""UnifiedAcrylicFormat"":""300x400-mm-12x16-inch""}"
acrylic_300x400-mm-12x16-inch_4-mm_4-0_ver,Acrylic prints — ver,acrylic-prints,acrylic,"{""AcrylicEdge"":""none"",""AcrylicProperties"":""4-mm"",""ColorType"":""4-0"",""Orientation"":""ver"",""ProductStatus"":""activated"",""State"":""published"",""UnifiedAcrylicFormat"":""300x400-mm-12x16-inch""}"
acrylic_300x450-mm-12x18-inch_4-mm_4-0_hor,Acrylic prints — hor,acrylic-prints,acrylic,"{""AcrylicEdge"":""none"",""AcrylicProperties"":""4-mm"",""ColorType"":""4-0"",""Orientation"":""hor"",""ProductStatus"":""activated"",""State"":""published"",""UnifiedAcrylicFormat"":""300x450-mm-12x18-inch""}"
acrylic_300x450-mm-12x18-inch_4-mm_4-0_ver,Acrylic prints — ver,acrylic-prints,acrylic,"{""AcrylicEdge"":""none"",""AcrylicProperties"":""4-mm"",""ColorType"":""4-0"",""Orientation"":""ver"",""ProductStatus"":""activated"",""State"":""published"",""UnifiedAcrylicFormat"":""300x450-mm-12x18-inch""}"
acrylic_300x900-mm-12x36-inch_4-mm_4-0_hor,Acrylic prints — hor,acrylic-prints,acrylic,"{""AcrylicEdge"":""none"",""AcrylicProperties"":""4-mm"",""ColorType"":""4-0"",""Orientation"":""hor"",""ProductStatus"":""activated"",""State"":""published"",""UnifiedAcrylicFormat"":""300x900-mm-12x36-inch""}"
acrylic_300x900-mm-12x36-inch_4-mm_4-0_ver,Acrylic prints — ver,acrylic-prints,acrylic,"{""AcrylicEdge"":""none"",""AcrylicProperties"":""4-mm"",""ColorType"":""4-0"",""Orientation"":""ver"",""ProductStatus"":""activated"",""State"":""published"",""UnifiedAcrylicFormat"":""300x900-mm-12x36-inch""}"
acrylic_400x400-mm-16x16-inch_4-mm_4-0_hor,Acrylic prints — hor,acrylic-prints,acrylic,"{""AcrylicEdge"":""none"",""AcrylicProperties"":""4-mm"",""ColorType"":""4-0"",""Orientation"":""hor"",""ProductStatus"":""activated"",""State"":""published"",""UnifiedAcrylicFormat"":""400x400-mm-16x16-inch""}"
acrylic_400x400-mm-16x16-inch_4-mm_4-0_ver,Acrylic prints — ver,acrylic-prints,acrylic,"{""AcrylicEdge"":""none"",""AcrylicProperties"":""4-mm"",""ColorType"":""4-0"",""Orientation"":""ver"",""ProductStatus"":""activated"",""State"":""published"",""UnifiedAcrylicFormat"":""400x400-mm-16x16-inch""}"
acrylic_400x500-mm-16x20-inch_4-mm_4-0_hor,Acrylic prints — hor,acrylic-prints,acrylic,"{""AcrylicEdge"":""none"",""AcrylicProperties"":""4-mm"",""ColorType"":""4-0"",""Orientation"":""hor"",""ProductStatus"":""activated"",""State"":""published"",""UnifiedAcrylicFormat"":""400x500-mm-16x20-inch""}"
acrylic_400x500-mm-16x20-inch_4-mm_4-0_ver,Acrylic prints — ver,acrylic-prints,acrylic,"{""AcrylicEdge"":""none"",""AcrylicProperties"":""4-mm"",""ColorType"":""4-0"",""Orientation"":""ver"",""ProductStatus"":""activated"",""State"":""published"",""UnifiedAcrylicFormat"":""400x500-mm-16x20-inch""}"
acrylic_400x600-mm-16x24-inch_4-mm_4-0_hor,Acrylic prints — hor,acrylic-prints,acrylic,"{""AcrylicEdge"":""none"",""AcrylicProperties"":""4-mm"",""ColorType"":""4-0"",""Orientation"":""hor"",""ProductStatus"":""activated"",""State"":""published"",""UnifiedAcrylicFormat"":""400x600-mm-16x24-inch""}"
acrylic_400x600-mm-16x24-inch_4-mm_4-0_ver,Acrylic prints — ver,acrylic-prints,acrylic,"{""AcrylicEdge"":""none"",""AcrylicProperties"":""4-mm"",""ColorType"":""4-0"",""Orientation"":""ver"",""ProductStatus"":""activated"",""State"":""published"",""UnifiedAcrylicFormat"":""400x600-mm-16x24-inch""}"
acrylic_450x600-mm-18x24-inch_4-mm_4-0_hor,Acrylic prints — hor,acrylic-prints,acrylic,"{""AcrylicEdge"":""none"",""AcrylicProperties"":""4-mm"",""ColorType"":""4-0"",""Orientation"":""hor"",""ProductStatus"":""activated"",""State"":""published"",""UnifiedAcrylicFormat"":""450x600-mm-18x24-inch""}"
acrylic_450x600-mm-18x24-inch_4-mm_4-0_ver,Acrylic prints — ver,acrylic-prints,acrylic,"{""AcrylicEdge"":""none"",""AcrylicProperties"":""4-mm"",""ColorType"":""4-0"",""Orientation"":""ver"",""ProductStatus"":""activated"",""State"":""published"",""UnifiedAcrylicFormat"":""450x600-mm-18x24-inch""}"
acrylic_500x500-mm-20x20-inch_4-mm_4-0_hor,Acrylic prints — hor,acrylic-prints,acrylic,"{""AcrylicEdge"":""none"",""AcrylicProperties"":""4-mm"",""ColorType"":""4-0"",""Orientation"":""hor"",""ProductStatus"":""activated"",""State"":""published"",""UnifiedAcrylicFormat"":""500x500-mm-20x20-inch""}"
acrylic_500x500-mm-20x20-inch_4-mm_4-0_ver,Acrylic prints — ver,acrylic-prints,acrylic,"{""AcrylicEdge"":""none"",""AcrylicProperties"":""4-mm"",""ColorType"":""4-0"",""Orientation"":""ver"",""ProductStatus"":""activated"",""State"":""published"",""UnifiedAcrylicFormat"":""500x500-mm-20x20-inch""}"
acrylic_500x700-mm-20x28-inch_4-mm_4-0_hor,Acrylic prints — hor,acrylic-prints,acrylic,"{""AcrylicEdge"":""none"",""AcrylicProperties"":""4-mm"",""ColorType"":""4-0"",""Orientation"":""hor"",""ProductStatus"":""activated"",""State"":""published"",""UnifiedAcrylicFormat"":""500x700-mm-20x28-inch""}"
acrylic_500x700-mm-20x28-inch_4-mm_4-0_ver,Acrylic prints — ver,acrylic-prints,acrylic,"{""AcrylicEdge"":""none"",""AcrylicProperties"":""4-mm"",""ColorType"":""4-0"",""Orientation"":""ver"",""ProductStatus"":""activated"",""State"":""published"",""UnifiedAcrylicFormat"":""500x700-mm-20x28-inch""}"
acrylic_500x750-mm-20x30-inch_4-mm_4-0_hor,Acrylic prints — hor,acrylic-prints,acrylic,"{""AcrylicEdge"":""none"",""AcrylicProperties"":""4-mm"",""ColorType"":""4-0"",""Orientation"":""hor"",""ProductStatus"":""activated"",""State"":""published"",""UnifiedAcrylicFormat"":""500x750-mm-20x30-inch""}"
acrylic_500x750-mm-20x30-inch_4-mm_4-0_ver,Acrylic prints — ver,acrylic-prints,acrylic,"{""AcrylicEdge"":""none"",""AcrylicProperties"":""4-mm"",""ColorType"":""4-0"",""Orientation"":""ver"",""ProductStatus"":""activated"",""State"":""published"",""UnifiedAcrylicFormat"":""500x750-mm-20x30-inch""}"
acrylic_600x600-mm-24x24-inch_4-mm_4-0_hor,Acrylic prints — hor,acrylic-prints,acrylic,"{""AcrylicEdge"":""none"",""AcrylicProperties"":""4-mm"",""ColorType"":""4-0"",""Orientation"":""hor"",""ProductStatus"":""activated"",""State"":""published"",""UnifiedAcrylicFormat"":""600x600-mm-24x24-inch""}"
acrylic_600x600-mm-24x24-inch_4-mm_4-0_ver,Acrylic prints — ver,acrylic-prints,acrylic,"{""AcrylicEdge"":""none"",""AcrylicProperties"":""4-mm"",""ColorType"":""4-0"",""Orientation"":""ver"",""ProductStatus"":""activated"",""State"":""published"",""UnifiedAcrylicFormat"":""600x600-mm-24x24-inch""}"
acrylic_600x800-mm-24x32-inch_4-mm_4-0_hor,Acrylic prints — hor,acrylic-prints,acrylic,"{""AcrylicEdge"":""none"",""AcrylicProperties"":""4-mm"",""ColorType"":""4-0"",""Orientation"":""hor"",""ProductStatus"":""activated"",""State"":""published"",""UnifiedAcrylicFormat"":""600x800-mm-24x32-inch""}"
acrylic_600x800-mm-24x32-inch_4-mm_4-0_ver,Acrylic prints — ver,acrylic-prints,acrylic,"{""AcrylicEdge"":""none"",""AcrylicProperties"":""4-mm"",""ColorType"":""4-0"",""Orientation"":""ver"",""ProductStatus"":""activated"",""State"":""published"",""UnifiedAcrylicFormat"":""600x800-mm-24x32-inch""}"
acrylic_600x900-mm-24x36-inch_4-mm_4-0_hor,Acrylic prints — hor,acrylic-prints,acrylic,"{""AcrylicEdge"":""none"",""AcrylicProperties"":""4-mm"",""ColorType"":""4-0"",""Orientation"":""hor"",""ProductStatus"":""activated"",""State"":""published"",""UnifiedAcrylicFormat"":""600x900-mm-24x36-inch""}"
acrylic_600x900-mm-24x36-inch_4-mm_4-0_ver,Acrylic prints — ver,acrylic-prints,acrylic,"{""AcrylicEdge"":""none"",""AcrylicProperties"":""4-mm"",""ColorType"":""4-0"",""Orientation"":""ver"",""ProductStatus"":""activated"",""State"":""published"",""UnifiedAcrylicFormat"":""600x900-mm-24x36-inch""}"
acrylic_700x1000-mm-28x40-inch_4-mm_4-0_hor,Acrylic prints — hor,acrylic-prints,acrylic,"{""AcrylicEdge"":""none"",""AcrylicProperties"":""4-mm"",""ColorType"":""4-0"",""Orientation"":""hor"",""ProductStatus"":""activated"",""State"":""published"",""UnifiedAcrylicFormat"":""700x1000-mm-28x40-inch""}"
acrylic_700x1000-mm-28x40-inch_4-mm_4-0_ver,Acrylic prints — ver,acrylic-prints,acrylic,"{""AcrylicEdge"":""none"",""AcrylicProperties"":""4-mm"",""ColorType"":""4-0"",""Orientation"":""ver"",""ProductStatus"":""activated"",""State"":""published"",""UnifiedAcrylicFormat"":""700x1000-mm-28x40-inch""}"
acrylic_8x12-inch-200x300-mm_4-mm_4-0_hor,Acrylic prints — hor,acrylic-prints,acrylic,"{""AcrylicEdge"":""none"",""AcrylicProperties"":""4-mm"",""ColorType"":""4-0"",""Orientation"":""hor"",""ProductStatus"":""activated"",""State"":""published"",""UnifiedAcrylicFormat"":""8x12-inch-200x300-mm""}"
acrylic_8x12-inch-200x300-mm_4-mm_4-0_ver,Acrylic prints — ver,acrylic-prints,acrylic,"{""AcrylicEdge"":""none"",""AcrylicProperties"":""4-mm"",""ColorType"":""4-0"",""Orientation"":""ver"",""ProductStatus"":""activated"",""State"":""published"",""UnifiedAcrylicFormat"":""8x12-inch-200x300-mm""}"
acrylic_8x24-inch-200x600-mm_4-mm_4-0_hor,Acrylic prints — hor,acrylic-prints,acrylic,"{""AcrylicEdge"":""none"",""AcrylicProperties"":""4-mm"",""ColorType"":""4-0"",""Orientation"":""hor"",""ProductStatus"":""activated"",""State"":""published"",""UnifiedAcrylicFormat"":""8x24-inch-200x600-mm""}"
acrylic_8x24-inch-200x600-mm_4-mm_4-0_ver,Acrylic prints — ver,acrylic-prints,acrylic,"{""AcrylicEdge"":""none"",""AcrylicProperties"":""4-mm"",""ColorType"":""4-0"",""Orientation"":""ver"",""ProductStatus"":""activated"",""State"":""published"",""UnifiedAcrylicFormat"":""8x24-inch-200x600-mm""}"
acrylic_8x8-inch-200x200-mm_4-mm_4-0_hor,Acrylic prints — hor,acrylic-prints,acrylic,"{""AcrylicEdge"":""none"",""AcrylicProperties"":""4-mm"",""ColorType"":""4-0"",""Orientation"":""hor"",""ProductStatus"":""activated"",""State"":""published"",""UnifiedAcrylicFormat"":""8x8-inch-200x200-mm""}"
acrylic_8x8-inch-200x200-mm_4-mm_4-0_ver,Acrylic prints — ver,acrylic-prints,acrylic,"{""AcrylicEdge"":""none"",""AcrylicProperties"":""4-mm"",""ColorType"":""4-0"",""Orientation"":""ver"",""ProductStatus"":""activated"",""State"":""published"",""UnifiedAcrylicFormat"":""8x8-inch-200x200-mm""}"
acrylic_print_product_af_12x12-inch_ap_4-mm_ae_none_cl_4-0_hor,Acrylic prints — hor,acrylic-prints,acrylic,"{""AcrylicEdge"":""none"",""AcrylicFormat"":""12x12-inch"",""AcrylicProperties"":""4-mm"",""ColorType"":""4-0"",""Orientation"":""hor"",""ProductStatus"":""activated"",""State"":""published""}"
acrylic_print_product_af_12x12-inch_ap_4-mm_ae_none_cl_4-0_ver,Acrylic prints — ver,acrylic-prints,acrylic,"{""AcrylicEdge"":""none"",""AcrylicFormat"":""12x12-inch"",""AcrylicProperties"":""4-mm"",""ColorType"":""4-0"",""Orientation"":""ver"",""ProductStatus"":""activated"",""State"":""published""}"
acrylic_print_product_af_12x16-inch_ap_4-mm_ae_none_cl_4-0_hor,Acrylic prints — hor,acrylic-prints,acrylic,"{""AcrylicEdge"":""none"",""AcrylicFormat"":""12x16-inch"",""AcrylicProperties"":""4-mm"",""ColorType"":""4-0"",""Orientation"":""hor"",""ProductStatus"":""activated"",""State"":""published""}"
acrylic_print_product_af_12x16-inch_ap_4-mm_ae_none_cl_4-0_ver,Acrylic prints — ver,acrylic-prints,acrylic,"{""AcrylicEdge"":""none"",""AcrylicFormat"":""12x16-inch"",""AcrylicProperties"":""4-mm"",""ColorType"":""4-0"",""Orientation"":""ver"",""ProductStatus"":""activated"",""State"":""published""}"
acrylic_print_product_af_12x18-inch_ap_4-mm_ae_none_cl_4-0_hor,Acrylic prints — hor,acrylic-prints,acrylic,"{""AcrylicEdge"":""none"",""AcrylicFormat"":""12x18-inch"",""AcrylicProperties"":""4-mm"",""ColorType"":""4-0"",""Orientation"":""hor"",""ProductStatus"":""activated"",""State"":""published""}"
acrylic_print_product_af_12x18-inch_ap_4-mm_ae_none_cl_4-0_ver,Acrylic prints — ver,acrylic-prints,acrylic,"{""AcrylicEdge"":""none"",""AcrylicFormat"":""12x18-inch"",""AcrylicProperties"":""4-mm"",""ColorType"":""4-0"",""Orientation"":""ver"",""ProductStatus"":""activated"",""State"":""published""}"
acrylic_print_product_af_12x36-inch_ap_4-mm_ae_none_cl_4-0_hor,Acrylic prints — hor,acrylic-prints,acrylic,"{""AcrylicEdge"":""none"",""AcrylicFormat"":""12x36-inch"",""AcrylicProperties"":""4-mm"",""ColorType"":""4-0"",""Orientation"":""hor"",""ProductStatus"":""activated"",""State"":""published""}"
acrylic_print_product_af_12x36-inch_ap_4-mm_ae_none_cl_4-0_ver,Acrylic prints — ver,acrylic-prints,acrylic,"{""AcrylicEdge"":""none"",""AcrylicFormat"":""12x36-inch"",""AcrylicProperties"":""4-mm"",""ColorType"":""4-0"",""Orientation"":""ver"",""ProductStatus"":""activated"",""State"":""published""}"
acrylic_print_product_af_16x16-inch_ap_4-mm_ae_none_cl_4-0_hor,Acrylic prints — hor,acrylic-prints,acrylic,"{""AcrylicEdge"":""none"",""AcrylicFormat"":""16x16-inch"",""AcrylicProperties"":""4-mm"",""ColorType"":""4-0"",""Orientation"":""hor"",""ProductStatus"":""activated"",""State"":""published""}"
acrylic_print_product_af_16x16-inch_ap_4-mm_ae_none_cl_4-0_ver,Acrylic prints — ver,acrylic-prints,acrylic,"{""AcrylicEdge"":""none"",""AcrylicFormat"":""16x16-inch"",""AcrylicProperties"":""4-mm"",""ColorType"":""4-0"",""Orientation"":""ver"",""ProductStatus"":""activated"",""State"":""published""}"
acrylic_print_product_af_16x20-inch_ap_4-mm_ae_none_cl_4-0_hor,Acrylic prints — hor,acrylic-prints,acrylic,"{""AcrylicEdge"":""none"",""AcrylicFormat"":""16x20-inch"",""AcrylicProperties"":""4-mm"",""ColorType"":""4-0"",""Orientation"":""hor"",""ProductStatus"":""activated"",""State"":""published""}"
acrylic_print_product_af_16x20-inch_ap_4-mm_ae_none_cl_4-0_ver,Acrylic prints — ver,acrylic-prints,acrylic,"{""AcrylicEdge"":""none"",""AcrylicFormat"":""16x20-inch"",""AcrylicProperties"":""4-mm"",""ColorType"":""4-0"",""Orientation"":""ver"",""ProductStatus"":""activated"",""State"":""published""}"
acrylic_print_product_af_16x24-inch_ap_4-mm_ae_none_cl_4-0_hor,Acrylic prints — hor,acrylic-prints,acrylic,"{""AcrylicEdge"":""none"",""AcrylicFormat"":""16x24-inch"",""AcrylicProperties"":""4-mm"",""ColorType"":""4-0"",""Orientation"":""hor"",""ProductStatus"":""activated"",""State"":""published""}"
acrylic_print_product_af_16x24-inch_ap_4-mm_ae_none_cl_4-0_ver,Acrylic prints — ver,acrylic-prints,acrylic,"{""AcrylicEdge"":""none"",""AcrylicFormat"":""16x24-inch"",""AcrylicProperties"":""4-mm"",""ColorType"":""4-0"",""Orientation"":""ver"",""ProductStatus"":""activated"",""State"":""published""}"
acrylic_print_product_af_18x24-inch_ap_4-mm_ae_none_cl_4-0_hor,Acrylic prints — hor,acrylic-prints,acrylic,"{""AcrylicEdge"":""none"",""AcrylicFormat"":""18x24-inch"",""AcrylicProperties"":""4-mm"",""ColorType"":""4-0"",""Orientation"":""hor"",""ProductStatus"":""activated"",""State"":""published""}"
acrylic_print_product_af_18x24-inch_ap_4-mm_ae_none_cl_4-0_ver,Acrylic prints — ver,acrylic-prints,acrylic,"{""AcrylicEdge"":""none"",""AcrylicFormat"":""18x24-inch"",""AcrylicProperties"":""4-mm"",""ColorType"":""4-0"",""Orientation"":""ver"",""ProductStatus"":""activated"",""State"":""published""}"
acrylic_print_product_af_200x200-mm_ap_4-mm_ae_none_cl_4-0_hor,Acrylic prints — hor,acrylic-prints,acrylic,"{""AcrylicEdge"":""none"",""AcrylicFormat"":""200x200-mm"",""AcrylicProperties"":""4-mm"",""ColorType"":""4-0"",""Orientation"":""hor"",""ProductStatus"":""activated"",""State"":""published""}"
acrylic_print_product_af_200x200-mm_ap_4-mm_ae_none_cl_4-0_ver,Acrylic prints — ver,acrylic-prints,acrylic,"{""AcrylicEdge"":""none"",""AcrylicFormat"":""200x200-mm"",""AcrylicProperties"":""4-mm"",""ColorType"":""4-0"",""Orientation"":""ver"",""ProductStatus"":""activated"",""State"":""published""}"
acrylic_print_product_af_200x300-mm_ap_4-mm_ae_none_cl_4-0_hor,Acrylic prints — hor,acrylic-prints,acrylic,"{""AcrylicEdge"":""none"",""AcrylicFormat"":""200x300-mm"",""AcrylicProperties"":""4-mm"",""ColorType"":""4-0"",""Orientation"":""hor"",""ProductStatus"":""activated"",""State"":""published""}"
acrylic_print_product_af_200x300-mm_ap_4-mm_ae_none_cl_4-0_ver,Acrylic prints — ver,acrylic-prints,acrylic,"{""AcrylicEdge"":""none"",""AcrylicFormat"":""200x300-mm"",""AcrylicProperties"":""4-mm"",""ColorType"":""4-0"",""Orientation"":""ver"",""ProductStatus"":""activated"",""State"":""published""}"
acrylic_print_product_af_200x600-mm_ap_4-mm_ae_none_cl_4-0_hor,Acrylic prints — hor,acrylic-prints,acrylic,"{""AcrylicEdge"":""none"",""AcrylicFormat"":""200x600-mm"",""AcrylicProperties"":""4-mm"",""ColorType"":""4-0"",""Orientation"":""hor"",""ProductStatus"":""activated"",""State"":""published""}"
acrylic_print_product_af_200x600-mm_ap_4-mm_ae_none_cl_4-0_ver,Acrylic prints — ver,acrylic-prints,acrylic,"{""AcrylicEdge"":""none"",""AcrylicFormat"":""200x600-mm"",""AcrylicProperties"":""4-mm"",""ColorType"":""4-0"",""Orientation"":""ver"",""ProductStatus"":""activated"",""State"":""published""}"
acrylic_print_product_af_20x20-inch_ap_4-mm_ae_none_cl_4-0_hor,Acrylic prints — hor,acrylic-prints,acrylic,"{""AcrylicEdge"":""none"",""AcrylicFormat"":""20x20-inch"",""AcrylicProperties"":""4-mm"",""ColorType"":""4-0"",""Orientation"":""hor"",""ProductStatus"":""activated"",""State"":""published""}"
acrylic_print_product_af_20x20-inch_ap_4-mm_ae_none_cl_4-0_ver,Acrylic prints — ver,acrylic-prints,acrylic,"{""AcrylicEdge"":""none"",""AcrylicFormat"":""20x20-inch"",""AcrylicProperties"":""4-mm"",""ColorType"":""4-0"",""Orientation"":""ver"",""ProductStatus"":""activated"",""State"":""published""}"
acrylic_print_product_af_20x28-inch_ap_4-mm_ae_none_cl_4-0_hor,Acrylic prints — hor,acrylic-prints,acrylic,"{""AcrylicEdge"":""none"",""AcrylicFormat"":""20x28-inch"",""AcrylicProperties"":""4-mm"",""ColorType"":""4-0"",""Orientation"":""hor"",""ProductStatus"":""activated"",""State"":""published""}"
acrylic_print_product_af_20x28-inch_ap_4-mm_ae_none_cl_4-0_ver,Acrylic prints — ver,acrylic-prints,acrylic,"{""AcrylicEdge"":""none"",""AcrylicFormat"":""20x28-inch"",""AcrylicProperties"":""4-mm"",""ColorType"":""4-0"",""Orientation"":""ver"",""ProductStatus"":""activated"",""State"":""published""}"
acrylic_print_product_af_20x30-inch_ap_4-mm_ae_none_cl_4-0_hor,Acrylic prints — hor,acrylic-prints,acrylic,"{""AcrylicEdge"":""none"",""AcrylicFormat"":""20x30-inch"",""AcrylicProperties"":""4-mm"",""ColorType"":""4-0"",""Orientation"":""hor"",""ProductStatus"":""activated"",""State"":""published""}"
acrylic_print_product_af_20x30-inch_ap_4-mm_ae_none_cl_4-0_ver,Acrylic prints — ver,acrylic-prints,acrylic,"{""AcrylicEdge"":""none"",""AcrylicFormat"":""20x30-inch"",""AcrylicProperties"":""4-mm"",""ColorType"":""4-0"",""Orientation"":""ver"",""ProductStatus"":""activated"",""State"":""published""}"
acrylic_print_product_af_24x24-inch_ap_4-mm_ae_none_cl_4-0_hor,Acrylic prints — hor,acrylic-prints,acrylic,"{""AcrylicEdge"":""none"",""AcrylicFormat"":""24x24-inch"",""AcrylicProperties"":""4-mm"",""ColorType"":""4-0"",""Orientation"":""hor"",""ProductStatus"":""activated"",""State"":""published""}"
acrylic_print_product_af_24x24-inch_ap_4-mm_ae_none_cl_4-0_ver,Acrylic prints — ver,acrylic-prints,acrylic,"{""AcrylicEdge"":""none"",""AcrylicFormat"":""24x24-inch"",""AcrylicProperties"":""4-mm"",""ColorType"":""4-0"",""Orientation"":""ver"",""ProductStatus"":""activated"",""State"":""published""}"
acrylic_print_product_af_24x32-inch_ap_4-mm_ae_none_cl_4-0_hor,Acrylic prints — hor,acrylic-prints,acrylic,"{""AcrylicEdge"":""none"",""AcrylicFormat"":""24x32-inch"",""AcrylicProperties"":""4-mm"",""ColorType"":""4-0"",""Orientation"":""hor"",""ProductStatus"":""activated"",""State"":""published""}"
acrylic_print_product_af_24x32-inch_ap_4-mm_ae_none_cl_4-0_ver,Acrylic prints — ver,acrylic-prints,acrylic,"{""AcrylicEdge"":""none"",""AcrylicFormat"":""24x32-inch"",""AcrylicProperties"":""4-mm"",""ColorType"":""4-0"",""Orientation"":""ver"",""ProductStatus"":""activated"",""State"":""published""}"
acrylic_print_product_af_24x36-inch_ap_4-mm_ae_none_cl_4-0_hor,Acrylic prints — hor,acrylic-prints,acrylic,"{""AcrylicEdge"":""none"",""AcrylicFormat"":""24x36-inch"",""AcrylicProperties"":""4-mm"",""ColorType"":""4-0"",""Orientation"":""hor"",""ProductStatus"":""activated"",""State"":""published""}"
acrylic_print_product_af_24x36-inch_ap_4-mm_ae_none_cl_4-0_ver,Acrylic prints — ver,acrylic-prints,acrylic,"{""AcrylicEdge"":""none"",""AcrylicFormat"":""24x36-inch"",""AcrylicProperties"":""4-mm"",""ColorType"":""4-0"",""Orientation"":""ver"",""ProductStatus"":""activated"",""State"":""published""}"
acrylic_print_product_af_28x40-inch_ap_4-mm_ae_none_cl_4-0_hor,Acrylic prints — hor,acrylic-prints,acrylic,"{""AcrylicEdge"":""none"",""AcrylicFormat"":""28x40-inch"",""AcrylicProperties"":""4-mm"",""ColorType"":""4-0"",""Orientation"":""hor"",""ProductStatus"":""activated"",""State"":""published""}"
acrylic_print_product_af_28x40-inch_ap_4-mm_ae_none_cl_4-0_ver,Acrylic prints — ver,acrylic-prints,acrylic,"{""AcrylicEdge"":""none"",""AcrylicFormat"":""28x40-inch"",""AcrylicProperties"":""4-mm"",""ColorType"":""4-0"",""Orientation"":""ver"",""ProductStatus"":""activated"",""State"":""published""}"
acrylic_print_product_af_300x300-mm_ap_4-mm_ae_none_cl_4-0_hor,Acrylic prints — hor,acrylic-prints,acrylic,"{""AcrylicEdge"":""none"",""AcrylicFormat"":""300x300-mm"",""AcrylicProperties"":""4-mm"",""ColorType"":""4-0"",""Orientation"":""hor"",""ProductStatus"":""activated"",""State"":""published""}"
acrylic_print_product_af_300x300-mm_ap_4-mm_ae_none_cl_4-0_ver,Acrylic prints — ver,acrylic-prints,acrylic,"{""AcrylicEdge"":""none"",""AcrylicFormat"":""300x300-mm"",""AcrylicProperties"":""4-mm"",""ColorType"":""4-0"",""Orientation"":""ver"",""ProductStatus"":""activated"",""State"":""published""}"
acrylic_print_product_af_300x400-mm_ap_4-mm_ae_none_cl_4-0_hor,Acrylic prints — hor,acrylic-prints,acrylic,"{""AcrylicEdge"":""none"",""AcrylicFormat"":""300x400-mm"",""AcrylicProperties"":""4-mm"",""ColorType"":""4-0"",""Orientation"":""hor"",""ProductStatus"":""activated"",""State"":""published""}"
acrylic_print_product_af_300x400-mm_ap_4-mm_ae_none_cl_4-0_ver,Acrylic prints — ver,acrylic-prints,acrylic,"{""AcrylicEdge"":""none"",""AcrylicFormat"":""300x400-mm"",""AcrylicProperties"":""4-mm"",""ColorType"":""4-0"",""Orientation"":""ver"",""ProductStatus"":""activated"",""State"":""published""}"
acrylic_print_product_af_300x450-mm_ap_4-mm_ae_none_cl_4-0_hor,Acrylic prints — hor,acrylic-prints,acrylic,"{""AcrylicEdge"":""none"",""AcrylicFormat"":""300x450-mm"",""AcrylicProperties"":""4-mm"",""ColorType"":""4-0"",""Orientation"":""hor"",""ProductStatus"":""activated"",""State"":""published""}"
acrylic_print_product_af_300x450-mm_ap_4-mm_ae_none_cl_4-0_ver,Acrylic prints — ver,acrylic-prints,acrylic,"{""AcrylicEdge"":""none"",""AcrylicFormat"":""300x450-mm"",""AcrylicProperties"":""4-mm"",""ColorType"":""4-0"",""Orientation"":""ver"",""ProductStatus"":""activated"",""State"":""published""}"
acrylic_print_product_af_300x900-mm_ap_4-mm_ae_none_cl_4-0_hor,Acrylic prints — hor,acrylic-prints,acrylic,"{""AcrylicEdge"":""none"",""AcrylicFormat"":""300x900-mm"",""AcrylicProperties"":""4-mm"",""ColorType"":""4-0"",""Orientation"":""hor"",""ProductStatus"":""activated"",""State"":""published""}"
acrylic_print_product_af_300x900-mm_ap_4-mm_ae_none_cl_4-0_ver,Acrylic prints — ver,acrylic-prints,acrylic,"{""AcrylicEdge"":""none"",""AcrylicFormat"":""300x900-mm"",""AcrylicProperties"":""4-mm"",""ColorType"":""4-0"",""Orientation"":""ver"",""ProductStatus"":""activated"",""State"":""published""}"
acrylic_print_product_af_400x400-mm_ap_4-mm_ae_none_cl_4-0_hor,Acrylic prints — hor,acrylic-prints,acrylic,"{""AcrylicEdge"":""none"",""AcrylicFormat"":""400x400-mm"",""AcrylicProperties"":""4-mm"",""ColorType"":""4-0"",""Orientation"":""hor"",""ProductStatus"":""activated"",""State"":""published""}"
acrylic_print_product_af_400x400-mm_ap_4-mm_ae_none_cl_4-0_ver,Acrylic prints — ver,acrylic-prints,acrylic,"{""AcrylicEdge"":""none"",""AcrylicFormat"":""400x400-mm"",""AcrylicProperties"":""4-mm"",""ColorType"":""4-0"",""Orientation"":""ver"",""ProductStatus"":""activated"",""State"":""published""}"
acrylic_print_product_af_400x500-mm_ap_4-mm_ae_none_cl_4-0_hor,Acrylic prints — hor,acrylic-prints,acrylic,"{""AcrylicEdge"":""none"",""AcrylicFormat"":""400x500-mm"",""AcrylicProperties"":""4-mm"",""ColorType"":""4-0"",""Orientation"":""hor"",""ProductStatus"":""activated"",""State"":""published""}"
acrylic_print_product_af_400x500-mm_ap_4-mm_ae_none_cl_4-0_ver,Acrylic prints — ver,acrylic-prints,acrylic,"{""AcrylicEdge"":""none"",""AcrylicFormat"":""400x500-mm"",""AcrylicProperties"":""4-mm"",""ColorType"":""4-0"",""Orientation"":""ver"",""ProductStatus"":""activated"",""State"":""published""}"
acrylic_print_product_af_400x600-mm_ap_4-mm_ae_none_cl_4-0_hor,Acrylic prints — hor,acrylic-prints,acrylic,"{""AcrylicEdge"":""none"",""AcrylicFormat"":""400x600-mm"",""AcrylicProperties"":""4-mm"",""ColorType"":""4-0"",""Orientation"":""hor"",""ProductStatus"":""activated"",""State"":""published""}"
acrylic_print_product_af_400x600-mm_ap_4-mm_ae_none_cl_4-0_ver,Acrylic prints — ver,acrylic-prints,acrylic,"{""AcrylicEdge"":""none"",""AcrylicFormat"":""400x600-mm"",""AcrylicProperties"":""4-mm"",""ColorType"":""4-0"",""Orientation"":""ver"",""ProductStatus"":""activated"",""State"":""published""}"
acrylic_print_product_af_450x600-mm_ap_4-mm_ae_none_cl_4-0_hor,Acrylic prints — hor,acrylic-prints,acrylic,"{""AcrylicEdge"":""none"",""AcrylicFormat"":""450x600-mm"",""AcrylicProperties"":""4-mm"",""ColorType"":""4-0"",""Orientation"":""hor"",""ProductStatus"":""activated"",""State"":""published""}"
acrylic_print_product_af_450x600-mm_ap_4-mm_ae_none_cl_4-0_ver,Acrylic prints — ver,acrylic-prints,acrylic,"{""AcrylicEdge"":""none"",""AcrylicFormat"":""450x600-mm"",""AcrylicProperties"":""4-mm"",""ColorType"":""4-0"",""Orientation"":""ver"",""ProductStatus"":""activated"",""State"":""published""}"
acrylic_print_product_af_500x500-mm_ap_4-mm_ae_none_cl_4-0_hor,Acrylic prints — hor,acrylic-prints,acrylic,"{""AcrylicEdge"":""none"",""AcrylicFormat"":""500x500-mm"",""AcrylicProperties"":""4-mm"",""ColorType"":""4-0"",""Orientation"":""hor"",""ProductStatus"":""activated"",""State"":""published""}"
acrylic_print_product_af_500x500-mm_ap_4-mm_ae_none_cl_4-0_ver,Acrylic prints — ver,acrylic-prints,acrylic,"{""AcrylicEdge"":""none"",""AcrylicFormat"":""500x500-mm"",""AcrylicProperties"":""4-mm"",""ColorType"":""4-0"",""Orientation"":""ver"",""ProductStatus"":""activated"",""State"":""published""}"
acrylic_print_product_af_500x700-mm_ap_4-mm_ae_none_cl_4-0_hor,Acrylic prints — hor,acrylic-prints,acrylic,"{""AcrylicEdge"":""none"",""AcrylicFormat"":""500x700-mm"",""AcrylicProperties"":""4-mm"",""ColorType"":""4-0"",""Orientation"":""hor"",""ProductStatus"":""activated"",""State"":""published""}"
acrylic_print_product_af_500x700-mm_ap_4-mm_ae_none_cl_4-0_ver,Acrylic prints — ver,acrylic-prints,acrylic,"{""AcrylicEdge"":""none"",""AcrylicFormat"":""500x700-mm"",""AcrylicProperties"":""4-mm"",""ColorType"":""4-0"",""Orientation"":""ver"",""ProductStatus"":""activated"",""State"":""published""}"
acrylic_print_product_af_500x750-mm_ap_4-mm_ae_none_cl_4-0_hor,Acrylic prints — hor,acrylic-prints,acrylic,"{""AcrylicEdge"":""none"",""AcrylicFormat"":""500x750-mm"",""AcrylicProperties"":""4-mm"",""ColorType"":""4-0"",""Orientation"":""hor"",""ProductStatus"":""activated"",""State"":""published""}"
acrylic_print_product_af_500x750-mm_ap_4-mm_ae_none_cl_4-0_ver,Acrylic prints — ver,acrylic-prints,acrylic,"{""AcrylicEdge"":""none"",""AcrylicFormat"":""500x750-mm"",""AcrylicProperties"":""4-mm"",""ColorType"":""4-0"",""Orientation"":""ver"",""ProductStatus"":""activated"",""State"":""published""}"
acrylic_print_product_af_600x600-mm_ap_4-mm_ae_none_cl_4-0_hor,Acrylic prints — hor,acrylic-prints,acrylic,"{""AcrylicEdge"":""none"",""AcrylicFormat"":""600x600-mm"",""AcrylicProperties"":""4-mm"",""ColorType"":""4-0"",""Orientation"":""hor"",""ProductStatus"":""activated"",""State"":""published""}"
acrylic_print_product_af_600x600-mm_ap_4-mm_ae_none_cl_4-0_ver,Acrylic prints — ver,acrylic-prints,acrylic,"{""AcrylicEdge"":""none"",""AcrylicFormat"":""600x600-mm"",""AcrylicProperties"":""4-mm"",""ColorType"":""4-0"",""Orientation"":""ver"",""ProductStatus"":""activated"",""State"":""published""}"
acrylic_print_product_af_600x800-mm_ap_4-mm_ae_none_cl_4-0_hor,Acrylic prints — hor,acrylic-prints,acrylic,"{""AcrylicEdge"":""none"",""AcrylicFormat"":""600x800-mm"",""AcrylicProperties"":""4-mm"",""ColorType"":""4-0"",""Orientation"":""hor"",""ProductStatus"":""activated"",""State"":""published""}"
acrylic_print_product_af_600x800-mm_ap_4-mm_ae_none_cl_4-0_ver,Acrylic prints — ver,acrylic-prints,acrylic,"{""AcrylicEdge"":""none"",""AcrylicFormat"":""600x800-mm"",""AcrylicProperties"":""4-mm"",""ColorType"":""4-0"",""Orientation"":""ver"",""ProductStatus"":""activated"",""State"":""published""}"
acrylic_print_product_af_600x900-mm_ap_4-mm_ae_none_cl_4-0_hor,Acrylic prints — hor,acrylic-prints,acrylic,"{""AcrylicEdge"":""none"",""AcrylicFormat"":""600x900-mm"",""AcrylicProperties"":""4-mm"",""ColorType"":""4-0"",""Orientation"":""hor"",""ProductStatus"":""activated"",""State"":""published""}"
acrylic_print_product_af_600x900-mm_ap_4-mm_ae_none_cl_4-0_ver,Acrylic prints — ver,acrylic-prints,acrylic,"{""AcrylicEdge"":""none"",""AcrylicFormat"":""600x900-mm"",""AcrylicProperties"":""4-mm"",""ColorType"":""4-0"",""Orientation"":""ver"",""ProductStatus"":""activated"",""State"":""published""}"
acrylic_print_product_af_700x1000-mm_ap_4-mm_ae_none_cl_4-0_hor,Acrylic prints — hor,acrylic-prints,acrylic,"{""AcrylicEdge"":""none"",""AcrylicFormat"":""700x1000-mm"",""AcrylicProperties"":""4-mm"",""ColorType"":""4-0"",""Orientation"":""hor"",""ProductStatus"":""activated"",""State"":""published""}"
acrylic_print_product_af_700x1000-mm_ap_4-mm_ae_none_cl_4-0_ver,Acrylic prints — ver,acrylic-prints,acrylic,"{""AcrylicEdge"":""none"",""AcrylicFormat"":""700x1000-mm"",""AcrylicProperties"":""4-mm"",""ColorType"":""4-0"",""Orientation"":""ver"",""ProductStatus"":""activated"",""State"":""published""}"
acrylic_print_product_af_8x12-inch_ap_4-mm_ae_none_cl_4-0_hor,Acrylic prints — hor,acrylic-prints,acrylic,"{""AcrylicEdge"":""none"",""AcrylicFormat"":""8x12-inch"",""AcrylicProperties"":""4-mm"",""ColorType"":""4-0"",""Orientation"":""hor"",""ProductStatus"":""activated"",""State"":""published""}"
acrylic_print_product_af_8x12-inch_ap_4-mm_ae_none_cl_4-0_ver,Acrylic prints — ver,acrylic-prints,acrylic,"{""AcrylicEdge"":""none"",""AcrylicFormat"":""8x12-inch"",""AcrylicProperties"":""4-mm"",""ColorType"":""4-0"",""Orientation"":""ver"",""ProductStatus"":""activated"",""State"":""published""}"
acrylic_print_product_af_8x24-inch_ap_4-mm_ae_none_cl_4-0_hor,Acrylic prints — hor,acrylic-prints,acrylic,"{""AcrylicEdge"":""none"",""AcrylicFormat"":""8x24-inch"",""AcrylicProperties"":""4-mm"",""ColorType"":""4-0"",""Orientation"":""hor"",""ProductStatus"":""activated"",""State"":""published""}"
acrylic_print_product_af_8x24-inch_ap_4-mm_ae_none_cl_4-0_ver,Acrylic prints — ver,acrylic-prints,acrylic,"{""AcrylicEdge"":""none"",""AcrylicFormat"":""8x24-inch"",""AcrylicProperties"":""4-mm"",""ColorType"":""4-0"",""Orientation"":""ver"",""ProductStatus"":""activated"",""State"":""published""}"
acrylic_print_product_af_8x8-inch_ap_4-mm_ae_none_cl_4-0_hor,Acrylic prints — hor,acrylic-prints,acrylic,"{""AcrylicEdge"":""none"",""AcrylicFormat"":""8x8-inch"",""AcrylicProperties"":""4-mm"",""ColorType"":""4-0"",""Orientation"":""hor"",""ProductStatus"":""activated"",""State"":""published""}"
acrylic_print_product_af_8x8-inch_ap_4-mm_ae_none_cl_4-0_ver,Acrylic prints — ver,acrylic-prints,acrylic,"{""AcrylicEdge"":""none"",""AcrylicFormat"":""8x8-inch"",""AcrylicProperties"":""4-mm"",""ColorType"":""4-0"",""Orientation"":""ver"",""ProductStatus"":""activated"",""State"":""published""}"
