Product Title,Product Description,Product UID,Print File URL,Should Publish Images?
Foam prints — hor,"Personalised foam prints from Pixora. Upload your photo, preview on a live product mockup, and we print and ship premium quality to your door. Ideal for home décor or gifting.",foam_12x12-inch-300x300-mm_5-mm_black_4-0_hor,https://upload.wikimedia.org/wikipedia/commons/c/ca/1x1.png,Yes
Foam prints — ver,"Personalised foam prints from Pixora. Upload your photo, preview on a live product mockup, and we print and ship premium quality to your door. Ideal for home décor or gifting.",foam_12x12-inch-300x300-mm_5-mm_black_4-0_ver,https://upload.wikimedia.org/wikipedia/commons/c/ca/1x1.png,Yes
Foam prints — hor,"Personalised foam prints from Pixora. Upload your photo, preview on a live product mockup, and we print and ship premium quality to your door. Ideal for home décor or gifting.",foam_12x12-inch-300x300-mm_5-mm_white_4-0_hor,https://upload.wikimedia.org/wikipedia/commons/c/ca/1x1.png,Yes
Foam prints — ver,"Personalised foam prints from Pixora. Upload your photo, preview on a live product mockup, and we print and ship premium quality to your door. Ideal for home décor or gifting.",foam_12x12-inch-300x300-mm_5-mm_white_4-0_ver,https://upload.wikimedia.org/wikipedia/commons/c/ca/1x1.png,Yes
Foam prints — hor,"Personalised foam prints from Pixora. Upload your photo, preview on a live product mockup, and we print and ship premium quality to your door. Ideal for home décor or gifting.",foam_12x16-inch-300x400-mm_5-mm_black_4-0_hor,https://upload.wikimedia.org/wikipedia/commons/c/ca/1x1.png,Yes
Foam prints — ver,"Personalised foam prints from Pixora. Upload your photo, preview on a live product mockup, and we print and ship premium quality to your door. Ideal for home décor or gifting.",foam_12x16-inch-300x400-mm_5-mm_black_4-0_ver,https://upload.wikimedia.org/wikipedia/commons/c/ca/1x1.png,Yes
Foam prints — hor,"Personalised foam prints from Pixora. Upload your photo, preview on a live product mockup, and we print and ship premium quality to your door. Ideal for home décor or gifting.",foam_12x16-inch-300x400-mm_5-mm_white_4-0_hor,https://upload.wikimedia.org/wikipedia/commons/c/ca/1x1.png,Yes
Foam prints — ver,"Personalised foam prints from Pixora. Upload your photo, preview on a live product mockup, and we print and ship premium quality to your door. Ideal for home décor or gifting.",foam_12x16-inch-300x400-mm_5-mm_white_4-0_ver,https://upload.wikimedia.org/wikipedia/commons/c/ca/1x1.png,Yes
Foam prints — hor,"Personalised foam prints from Pixora. Upload your photo, preview on a live product mockup, and we print and ship premium quality to your door. Ideal for home décor or gifting.",foam_12x18-inch-300x450-mm_5-mm_black_4-0_hor,https://upload.wikimedia.org/wikipedia/commons/c/ca/1x1.png,Yes
Foam prints — ver,"Personalised foam prints from Pixora. Upload your photo, preview on a live product mockup, and we print and ship premium quality to your door. Ideal for home décor or gifting.",foam_12x18-inch-300x450-mm_5-mm_black_4-0_ver,https://upload.wikimedia.org/wikipedia/commons/c/ca/1x1.png,Yes
Foam prints — hor,"Personalised foam prints from Pixora. Upload your photo, preview on a live product mockup, and we print and ship premium quality to your door. Ideal for home décor or gifting.",foam_12x18-inch-300x450-mm_5-mm_white_4-0_hor,https://upload.wikimedia.org/wikipedia/commons/c/ca/1x1.png,Yes
Foam prints — ver,"Personalised foam prints from Pixora. Upload your photo, preview on a live product mockup, and we print and ship premium quality to your door. Ideal for home décor or gifting.",foam_12x18-inch-300x450-mm_5-mm_white_4-0_ver,https://upload.wikimedia.org/wikipedia/commons/c/ca/1x1.png,Yes
Foam prints — hor,"Personalised foam prints from Pixora. Upload your photo, preview on a live product mockup, and we print and ship premium quality to your door. Ideal for home décor or gifting.",foam_12x36-inch-300x900-mm_5-mm_black_4-0_hor,https://upload.wikimedia.org/wikipedia/commons/c/ca/1x1.png,Yes
Foam prints — ver,"Personalised foam prints from Pixora. Upload your photo, preview on a live product mockup, and we print and ship premium quality to your door. Ideal for home décor or gifting.",foam_12x36-inch-300x900-mm_5-mm_black_4-0_ver,https://upload.wikimedia.org/wikipedia/commons/c/ca/1x1.png,Yes
Foam prints — hor,"Personalised foam prints from Pixora. Upload your photo, preview on a live product mockup, and we print and ship premium quality to your door. Ideal for home décor or gifting.",foam_12x36-inch-300x900-mm_5-mm_white_4-0_hor,https://upload.wikimedia.org/wikipedia/commons/c/ca/1x1.png,Yes
Foam prints — ver,"Personalised foam prints from Pixora. Upload your photo, preview on a live product mockup, and we print and ship premium quality to your door. Ideal for home décor or gifting.",foam_12x36-inch-300x900-mm_5-mm_white_4-0_ver,https://upload.wikimedia.org/wikipedia/commons/c/ca/1x1.png,Yes
Foam prints — hor,"Personalised foam prints from Pixora. Upload your photo, preview on a live product mockup, and we print and ship premium quality to your door. Ideal for home décor or gifting.",foam_16x16-inch-400x400-mm_5-mm_black_4-0_hor,https://upload.wikimedia.org/wikipedia/commons/c/ca/1x1.png,Yes
Foam prints — ver,"Personalised foam prints from Pixora. Upload your photo, preview on a live product mockup, and we print and ship premium quality to your door. Ideal for home décor or gifting.",foam_16x16-inch-400x400-mm_5-mm_black_4-0_ver,https://upload.wikimedia.org/wikipedia/commons/c/ca/1x1.png,Yes
Foam prints — hor,"Personalised foam prints from Pixora. Upload your photo, preview on a live product mockup, and we print and ship premium quality to your door. Ideal for home décor or gifting.",foam_16x16-inch-400x400-mm_5-mm_white_4-0_hor,https://upload.wikimedia.org/wikipedia/commons/c/ca/1x1.png,Yes
Foam prints — ver,"Personalised foam prints from Pixora. Upload your photo, preview on a live product mockup, and we print and ship premium quality to your door. Ideal for home décor or gifting.",foam_16x16-inch-400x400-mm_5-mm_white_4-0_ver,https://upload.wikimedia.org/wikipedia/commons/c/ca/1x1.png,Yes
Foam prints — hor,"Personalised foam prints from Pixora. Upload your photo, preview on a live product mockup, and we print and ship premium quality to your door. Ideal for home décor or gifting.",foam_16x20-inch-400x500-mm_5-mm_black_4-0_hor,https://upload.wikimedia.org/wikipedia/commons/c/ca/1x1.png,Yes
Foam prints — ver,"Personalised foam prints from Pixora. Upload your photo, preview on a live product mockup, and we print and ship premium quality to your door. Ideal for home décor or gifting.",foam_16x20-inch-400x500-mm_5-mm_black_4-0_ver,https://upload.wikimedia.org/wikipedia/commons/c/ca/1x1.png,Yes
Foam prints — hor,"Personalised foam prints from Pixora. Upload your photo, preview on a live product mockup, and we print and ship premium quality to your door. Ideal for home décor or gifting.",foam_16x20-inch-400x500-mm_5-mm_white_4-0_hor,https://upload.wikimedia.org/wikipedia/commons/c/ca/1x1.png,Yes
Foam prints — ver,"Personalised foam prints from Pixora. Upload your photo, preview on a live product mockup, and we print and ship premium quality to your door. Ideal for home décor or gifting.",foam_16x20-inch-400x500-mm_5-mm_white_4-0_ver,https://upload.wikimedia.org/wikipedia/commons/c/ca/1x1.png,Yes
Foam prints — hor,"Personalised foam prints from Pixora. Upload your photo, preview on a live product mockup, and we print and ship premium quality to your door. Ideal for home décor or gifting.",foam_16x24-inch-400x600-mm_5-mm_black_4-0_hor,https://upload.wikimedia.org/wikipedia/commons/c/ca/1x1.png,Yes
Foam prints — ver,"Personalised foam prints from Pixora. Upload your photo, preview on a live product mockup, and we print and ship premium quality to your door. Ideal for home décor or gifting.",foam_16x24-inch-400x600-mm_5-mm_black_4-0_ver,https://upload.wikimedia.org/wikipedia/commons/c/ca/1x1.png,Yes
Foam prints — hor,"Personalised foam prints from Pixora. Upload your photo, preview on a live product mockup, and we print and ship premium quality to your door. Ideal for home décor or gifting.",foam_16x24-inch-400x600-mm_5-mm_white_4-0_hor,https://upload.wikimedia.org/wikipedia/commons/c/ca/1x1.png,Yes
Foam prints — ver,"Personalised foam prints from Pixora. Upload your photo, preview on a live product mockup, and we print and ship premium quality to your door. Ideal for home décor or gifting.",foam_16x24-inch-400x600-mm_5-mm_white_4-0_ver,https://upload.wikimedia.org/wikipedia/commons/c/ca/1x1.png,Yes
Foam prints — hor,"Personalised foam prints from Pixora. Upload your photo, preview on a live product mockup, and we print and ship premium quality to your door. Ideal for home décor or gifting.",foam_18x24-inch-450x600-mm_5-mm_black_4-0_hor,https://upload.wikimedia.org/wikipedia/commons/c/ca/1x1.png,Yes
Foam prints — ver,"Personalised foam prints from Pixora. Upload your photo, preview on a live product mockup, and we print and ship premium quality to your door. Ideal for home décor or gifting.",foam_18x24-inch-450x600-mm_5-mm_black_4-0_ver,https://upload.wikimedia.org/wikipedia/commons/c/ca/1x1.png,Yes
Foam prints — hor,"Personalised foam prints from Pixora. Upload your photo, preview on a live product mockup, and we print and ship premium quality to your door. Ideal for home décor or gifting.",foam_18x24-inch-450x600-mm_5-mm_white_4-0_hor,https://upload.wikimedia.org/wikipedia/commons/c/ca/1x1.png,Yes
Foam prints — ver,"Personalised foam prints from Pixora. Upload your photo, preview on a live product mockup, and we print and ship premium quality to your door. Ideal for home décor or gifting.",foam_18x24-inch-450x600-mm_5-mm_white_4-0_ver,https://upload.wikimedia.org/wikipedia/commons/c/ca/1x1.png,Yes
Foam prints — hor,"Personalised foam prints from Pixora. Upload your photo, preview on a live product mockup, and we print and ship premium quality to your door. Ideal for home décor or gifting.",foam_200x200-mm-8x8-inch_5-mm_black_4-0_hor,https://upload.wikimedia.org/wikipedia/commons/c/ca/1x1.png,Yes
Foam prints — ver,"Personalised foam prints from Pixora. Upload your photo, preview on a live product mockup, and we print and ship premium quality to your door. Ideal for home décor or gifting.",foam_200x200-mm-8x8-inch_5-mm_black_4-0_ver,https://upload.wikimedia.org/wikipedia/commons/c/ca/1x1.png,Yes
Foam prints — hor,"Personalised foam prints from Pixora. Upload your photo, preview on a live product mockup, and we print and ship premium quality to your door. Ideal for home décor or gifting.",foam_200x200-mm-8x8-inch_5-mm_white_4-0_hor,https://upload.wikimedia.org/wikipedia/commons/c/ca/1x1.png,Yes
Foam prints — ver,"Personalised foam prints from Pixora. Upload your photo, preview on a live product mockup, and we print and ship premium quality to your door. Ideal for home décor or gifting.",foam_200x200-mm-8x8-inch_5-mm_white_4-0_ver,https://upload.wikimedia.org/wikipedia/commons/c/ca/1x1.png,Yes
Foam prints — hor,"Personalised foam prints from Pixora. Upload your photo, preview on a live product mockup, and we print and ship premium quality to your door. Ideal for home décor or gifting.",foam_200x300-mm-8x12-inch_5-mm_black_4-0_hor,https://upload.wikimedia.org/wikipedia/commons/c/ca/1x1.png,Yes
Foam prints — ver,"Personalised foam prints from Pixora. Upload your photo, preview on a live product mockup, and we print and ship premium quality to your door. Ideal for home décor or gifting.",foam_200x300-mm-8x12-inch_5-mm_black_4-0_ver,https://upload.wikimedia.org/wikipedia/commons/c/ca/1x1.png,Yes
Foam prints — hor,"Personalised foam prints from Pixora. Upload your photo, preview on a live product mockup, and we print and ship premium quality to your door. Ideal for home décor or gifting.",foam_200x300-mm-8x12-inch_5-mm_white_4-0_hor,https://upload.wikimedia.org/wikipedia/commons/c/ca/1x1.png,Yes
Foam prints — ver,"Personalised foam prints from Pixora. Upload your photo, preview on a live product mockup, and we print and ship premium quality to your door. Ideal for home décor or gifting.",foam_200x300-mm-8x12-inch_5-mm_white_4-0_ver,https://upload.wikimedia.org/wikipedia/commons/c/ca/1x1.png,Yes
Foam prints — hor,"Personalised foam prints from Pixora. Upload your photo, preview on a live product mockup, and we print and ship premium quality to your door. Ideal for home décor or gifting.",foam_200x600-mm-8x24-inch_5-mm_black_4-0_hor,https://upload.wikimedia.org/wikipedia/commons/c/ca/1x1.png,Yes
Foam prints — ver,"Personalised foam prints from Pixora. Upload your photo, preview on a live product mockup, and we print and ship premium quality to your door. Ideal for home décor or gifting.",foam_200x600-mm-8x24-inch_5-mm_black_4-0_ver,https://upload.wikimedia.org/wikipedia/commons/c/ca/1x1.png,Yes
Foam prints — hor,"Personalised foam prints from Pixora. Upload your photo, preview on a live product mockup, and we print and ship premium quality to your door. Ideal for home décor or gifting.",foam_200x600-mm-8x24-inch_5-mm_white_4-0_hor,https://upload.wikimedia.org/wikipedia/commons/c/ca/1x1.png,Yes
Foam prints — ver,"Personalised foam prints from Pixora. Upload your photo, preview on a live product mockup, and we print and ship premium quality to your door. Ideal for home décor or gifting.",foam_200x600-mm-8x24-inch_5-mm_white_4-0_ver,https://upload.wikimedia.org/wikipedia/commons/c/ca/1x1.png,Yes
Foam prints — hor,"Personalised foam prints from Pixora. Upload your photo, preview on a live product mockup, and we print and ship premium quality to your door. Ideal for home décor or gifting.",foam_20x20-inch-500x500-mm_5-mm_black_4-0_hor,https://upload.wikimedia.org/wikipedia/commons/c/ca/1x1.png,Yes
Foam prints — ver,"Personalised foam prints from Pixora. Upload your photo, preview on a live product mockup, and we print and ship premium quality to your door. Ideal for home décor or gifting.",foam_20x20-inch-500x500-mm_5-mm_black_4-0_ver,https://upload.wikimedia.org/wikipedia/commons/c/ca/1x1.png,Yes
Foam prints — hor,"Personalised foam prints from Pixora. Upload your photo, preview on a live product mockup, and we print and ship premium quality to your door. Ideal for home décor or gifting.",foam_20x20-inch-500x500-mm_5-mm_white_4-0_hor,https://upload.wikimedia.org/wikipedia/commons/c/ca/1x1.png,Yes
Foam prints — ver,"Personalised foam prints from Pixora. Upload your photo, preview on a live product mockup, and we print and ship premium quality to your door. Ideal for home décor or gifting.",foam_20x20-inch-500x500-mm_5-mm_white_4-0_ver,https://upload.wikimedia.org/wikipedia/commons/c/ca/1x1.png,Yes
Foam prints — hor,"Personalised foam prints from Pixora. Upload your photo, preview on a live product mockup, and we print and ship premium quality to your door. Ideal for home décor or gifting.",foam_20x28-inch-500x700-mm_5-mm_black_4-0_hor,https://upload.wikimedia.org/wikipedia/commons/c/ca/1x1.png,Yes
Foam prints — ver,"Personalised foam prints from Pixora. Upload your photo, preview on a live product mockup, and we print and ship premium quality to your door. Ideal for home décor or gifting.",foam_20x28-inch-500x700-mm_5-mm_black_4-0_ver,https://upload.wikimedia.org/wikipedia/commons/c/ca/1x1.png,Yes
Foam prints — hor,"Personalised foam prints from Pixora. Upload your photo, preview on a live product mockup, and we print and ship premium quality to your door. Ideal for home décor or gifting.",foam_20x28-inch-500x700-mm_5-mm_white_4-0_hor,https://upload.wikimedia.org/wikipedia/commons/c/ca/1x1.png,Yes
Foam prints — ver,"Personalised foam prints from Pixora. Upload your photo, preview on a live product mockup, and we print and ship premium quality to your door. Ideal for home décor or gifting.",foam_20x28-inch-500x700-mm_5-mm_white_4-0_ver,https://upload.wikimedia.org/wikipedia/commons/c/ca/1x1.png,Yes
Foam prints — hor,"Personalised foam prints from Pixora. Upload your photo, preview on a live product mockup, and we print and ship premium quality to your door. Ideal for home décor or gifting.",foam_20x30-inch-500x750-mm_5-mm_black_4-0_hor,https://upload.wikimedia.org/wikipedia/commons/c/ca/1x1.png,Yes
Foam prints — ver,"Personalised foam prints from Pixora. Upload your photo, preview on a live product mockup, and we print and ship premium quality to your door. Ideal for home décor or gifting.",foam_20x30-inch-500x750-mm_5-mm_black_4-0_ver,https://upload.wikimedia.org/wikipedia/commons/c/ca/1x1.png,Yes
Foam prints — hor,"Personalised foam prints from Pixora. Upload your photo, preview on a live product mockup, and we print and ship premium quality to your door. Ideal for home décor or gifting.",foam_20x30-inch-500x750-mm_5-mm_white_4-0_hor,https://upload.wikimedia.org/wikipedia/commons/c/ca/1x1.png,Yes
Foam prints — ver,"Personalised foam prints from Pixora. Upload your photo, preview on a live product mockup, and we print and ship premium quality to your door. Ideal for home décor or gifting.",foam_20x30-inch-500x750-mm_5-mm_white_4-0_ver,https://upload.wikimedia.org/wikipedia/commons/c/ca/1x1.png,Yes
Foam prints — hor,"Personalised foam prints from Pixora. Upload your photo, preview on a live product mockup, and we print and ship premium quality to your door. Ideal for home décor or gifting.",foam_24x24-inch-600x600-mm_5-mm_black_4-0_hor,https://upload.wikimedia.org/wikipedia/commons/c/ca/1x1.png,Yes
Foam prints — ver,"Personalised foam prints from Pixora. Upload your photo, preview on a live product mockup, and we print and ship premium quality to your door. Ideal for home décor or gifting.",foam_24x24-inch-600x600-mm_5-mm_black_4-0_ver,https://upload.wikimedia.org/wikipedia/commons/c/ca/1x1.png,Yes
Foam prints — hor,"Personalised foam prints from Pixora. Upload your photo, preview on a live product mockup, and we print and ship premium quality to your door. Ideal for home décor or gifting.",foam_24x24-inch-600x600-mm_5-mm_white_4-0_hor,https://upload.wikimedia.org/wikipedia/commons/c/ca/1x1.png,Yes
Foam prints — ver,"Personalised foam prints from Pixora. Upload your photo, preview on a live product mockup, and we print and ship premium quality to your door. Ideal for home décor or gifting.",foam_24x24-inch-600x600-mm_5-mm_white_4-0_ver,https://upload.wikimedia.org/wikipedia/commons/c/ca/1x1.png,Yes
Foam prints — hor,"Personalised foam prints from Pixora. Upload your photo, preview on a live product mockup, and we print and ship premium quality to your door. Ideal for home décor or gifting.",foam_24x32-inch-600x800-mm_5-mm_black_4-0_hor,https://upload.wikimedia.org/wikipedia/commons/c/ca/1x1.png,Yes
Foam prints — ver,"Personalised foam prints from Pixora. Upload your photo, preview on a live product mockup, and we print and ship premium quality to your door. Ideal for home décor or gifting.",foam_24x32-inch-600x800-mm_5-mm_black_4-0_ver,https://upload.wikimedia.org/wikipedia/commons/c/ca/1x1.png,Yes
Foam prints — hor,"Personalised foam prints from Pixora. Upload your photo, preview on a live product mockup, and we print and ship premium quality to your door. Ideal for home décor or gifting.",foam_24x32-inch-600x800-mm_5-mm_white_4-0_hor,https://upload.wikimedia.org/wikipedia/commons/c/ca/1x1.png,Yes
Foam prints — ver,"Personalised foam prints from Pixora. Upload your photo, preview on a live product mockup, and we print and ship premium quality to your door. Ideal for home décor or gifting.",foam_24x32-inch-600x800-mm_5-mm_white_4-0_ver,https://upload.wikimedia.org/wikipedia/commons/c/ca/1x1.png,Yes
Foam prints — hor,"Personalised foam prints from Pixora. Upload your photo, preview on a live product mockup, and we print and ship premium quality to your door. Ideal for home décor or gifting.",foam_24x36-inch-600x900-mm_5-mm_black_4-0_hor,https://upload.wikimedia.org/wikipedia/commons/c/ca/1x1.png,Yes
Foam prints — ver,"Personalised foam prints from Pixora. Upload your photo, preview on a live product mockup, and we print and ship premium quality to your door. Ideal for home décor or gifting.",foam_24x36-inch-600x900-mm_5-mm_black_4-0_ver,https://upload.wikimedia.org/wikipedia/commons/c/ca/1x1.png,Yes
Foam prints — hor,"Personalised foam prints from Pixora. Upload your photo, preview on a live product mockup, and we print and ship premium quality to your door. Ideal for home décor or gifting.",foam_24x36-inch-600x900-mm_5-mm_white_4-0_hor,https://upload.wikimedia.org/wikipedia/commons/c/ca/1x1.png,Yes
Foam prints — ver,"Personalised foam prints from Pixora. Upload your photo, preview on a live product mockup, and we print and ship premium quality to your door. Ideal for home décor or gifting.",foam_24x36-inch-600x900-mm_5-mm_white_4-0_ver,https://upload.wikimedia.org/wikipedia/commons/c/ca/1x1.png,Yes
Foam prints — hor,"Personalised foam prints from Pixora. Upload your photo, preview on a live product mockup, and we print and ship premium quality to your door. Ideal for home décor or gifting.",foam_28x40-inch-700x1000-mm_5-mm_black_4-0_hor,https://upload.wikimedia.org/wikipedia/commons/c/ca/1x1.png,Yes
Foam prints — ver,"Personalised foam prints from Pixora. Upload your photo, preview on a live product mockup, and we print and ship premium quality to your door. Ideal for home décor or gifting.",foam_28x40-inch-700x1000-mm_5-mm_black_4-0_ver,https://upload.wikimedia.org/wikipedia/commons/c/ca/1x1.png,Yes
Foam prints — hor,"Personalised foam prints from Pixora. Upload your photo, preview on a live product mockup, and we print and ship premium quality to your door. Ideal for home décor or gifting.",foam_28x40-inch-700x1000-mm_5-mm_white_4-0_hor,https://upload.wikimedia.org/wikipedia/commons/c/ca/1x1.png,Yes
Foam prints — ver,"Personalised foam prints from Pixora. Upload your photo, preview on a live product mockup, and we print and ship premium quality to your door. Ideal for home décor or gifting.",foam_28x40-inch-700x1000-mm_5-mm_white_4-0_ver,https://upload.wikimedia.org/wikipedia/commons/c/ca/1x1.png,Yes
Foam prints — hor,"Personalised foam prints from Pixora. Upload your photo, preview on a live product mockup, and we print and ship premium quality to your door. Ideal for home décor or gifting.",foam_300x300-mm-12x12-inch_5-mm_black_4-0_hor,https://upload.wikimedia.org/wikipedia/commons/c/ca/1x1.png,Yes
Foam prints — ver,"Personalised foam prints from Pixora. Upload your photo, preview on a live product mockup, and we print and ship premium quality to your door. Ideal for home décor or gifting.",foam_300x300-mm-12x12-inch_5-mm_black_4-0_ver,https://upload.wikimedia.org/wikipedia/commons/c/ca/1x1.png,Yes
Foam prints — hor,"Personalised foam prints from Pixora. Upload your photo, preview on a live product mockup, and we print and ship premium quality to your door. Ideal for home décor or gifting.",foam_300x300-mm-12x12-inch_5-mm_white_4-0_hor,https://upload.wikimedia.org/wikipedia/commons/c/ca/1x1.png,Yes
Foam prints — ver,"Personalised foam prints from Pixora. Upload your photo, preview on a live product mockup, and we print and ship premium quality to your door. Ideal for home décor or gifting.",foam_300x300-mm-12x12-inch_5-mm_white_4-0_ver,https://upload.wikimedia.org/wikipedia/commons/c/ca/1x1.png,Yes
Foam prints — hor,"Personalised foam prints from Pixora. Upload your photo, preview on a live product mockup, and we print and ship premium quality to your door. Ideal for home décor or gifting.",foam_300x400-mm-12x16-inch_5-mm_black_4-0_hor,https://upload.wikimedia.org/wikipedia/commons/c/ca/1x1.png,Yes
Foam prints — ver,"Personalised foam prints from Pixora. Upload your photo, preview on a live product mockup, and we print and ship premium quality to your door. Ideal for home décor or gifting.",foam_300x400-mm-12x16-inch_5-mm_black_4-0_ver,https://upload.wikimedia.org/wikipedia/commons/c/ca/1x1.png,Yes
Foam prints — hor,"Personalised foam prints from Pixora. Upload your photo, preview on a live product mockup, and we print and ship premium quality to your door. Ideal for home décor or gifting.",foam_300x400-mm-12x16-inch_5-mm_white_4-0_hor,https://upload.wikimedia.org/wikipedia/commons/c/ca/1x1.png,Yes
Foam prints — ver,"Personalised foam prints from Pixora. Upload your photo, preview on a live product mockup, and we print and ship premium quality to your door. Ideal for home décor or gifting.",foam_300x400-mm-12x16-inch_5-mm_white_4-0_ver,https://upload.wikimedia.org/wikipedia/commons/c/ca/1x1.png,Yes
Foam prints — hor,"Personalised foam prints from Pixora. Upload your photo, preview on a live product mockup, and we print and ship premium quality to your door. Ideal for home décor or gifting.",foam_300x450-mm-12x18-inch_5-mm_black_4-0_hor,https://upload.wikimedia.org/wikipedia/commons/c/ca/1x1.png,Yes
Foam prints — ver,"Personalised foam prints from Pixora. Upload your photo, preview on a live product mockup, and we print and ship premium quality to your door. Ideal for home décor or gifting.",foam_300x450-mm-12x18-inch_5-mm_black_4-0_ver,https://upload.wikimedia.org/wikipedia/commons/c/ca/1x1.png,Yes
Foam prints — hor,"Personalised foam prints from Pixora. Upload your photo, preview on a live product mockup, and we print and ship premium quality to your door. Ideal for home décor or gifting.",foam_300x450-mm-12x18-inch_5-mm_white_4-0_hor,https://upload.wikimedia.org/wikipedia/commons/c/ca/1x1.png,Yes
Foam prints — ver,"Personalised foam prints from Pixora. Upload your photo, preview on a live product mockup, and we print and ship premium quality to your door. Ideal for home décor or gifting.",foam_300x450-mm-12x18-inch_5-mm_white_4-0_ver,https://upload.wikimedia.org/wikipedia/commons/c/ca/1x1.png,Yes
Foam prints — hor,"Personalised foam prints from Pixora. Upload your photo, preview on a live product mockup, and we print and ship premium quality to your door. Ideal for home décor or gifting.",foam_300x900-mm-12x36-inch_5-mm_black_4-0_hor,https://upload.wikimedia.org/wikipedia/commons/c/ca/1x1.png,Yes
Foam prints — ver,"Personalised foam prints from Pixora. Upload your photo, preview on a live product mockup, and we print and ship premium quality to your door. Ideal for home décor or gifting.",foam_300x900-mm-12x36-inch_5-mm_black_4-0_ver,https://upload.wikimedia.org/wikipedia/commons/c/ca/1x1.png,Yes
Foam prints — hor,"Personalised foam prints from Pixora. Upload your photo, preview on a live product mockup, and we print and ship premium quality to your door. Ideal for home décor or gifting.",foam_300x900-mm-12x36-inch_5-mm_white_4-0_hor,https://upload.wikimedia.org/wikipedia/commons/c/ca/1x1.png,Yes
Foam prints — ver,"Personalised foam prints from Pixora. Upload your photo, preview on a live product mockup, and we print and ship premium quality to your door. Ideal for home décor or gifting.",foam_300x900-mm-12x36-inch_5-mm_white_4-0_ver,https://upload.wikimedia.org/wikipedia/commons/c/ca/1x1.png,Yes
Foam prints — hor,"Personalised foam prints from Pixora. Upload your photo, preview on a live product mockup, and we print and ship premium quality to your door. Ideal for home décor or gifting.",foam_400x400-mm-16x16-inch_5-mm_black_4-0_hor,https://upload.wikimedia.org/wikipedia/commons/c/ca/1x1.png,Yes
Foam prints — ver,"Personalised foam prints from Pixora. Upload your photo, preview on a live product mockup, and we print and ship premium quality to your door. Ideal for home décor or gifting.",foam_400x400-mm-16x16-inch_5-mm_black_4-0_ver,https://upload.wikimedia.org/wikipedia/commons/c/ca/1x1.png,Yes
Foam prints — hor,"Personalised foam prints from Pixora. Upload your photo, preview on a live product mockup, and we print and ship premium quality to your door. Ideal for home décor or gifting.",foam_400x400-mm-16x16-inch_5-mm_white_4-0_hor,https://upload.wikimedia.org/wikipedia/commons/c/ca/1x1.png,Yes
Foam prints — ver,"Personalised foam prints from Pixora. Upload your photo, preview on a live product mockup, and we print and ship premium quality to your door. Ideal for home décor or gifting.",foam_400x400-mm-16x16-inch_5-mm_white_4-0_ver,https://upload.wikimedia.org/wikipedia/commons/c/ca/1x1.png,Yes
Foam prints — hor,"Personalised foam prints from Pixora. Upload your photo, preview on a live product mockup, and we print and ship premium quality to your door. Ideal for home décor or gifting.",foam_400x500-mm-16x20-inch_5-mm_black_4-0_hor,https://upload.wikimedia.org/wikipedia/commons/c/ca/1x1.png,Yes
Foam prints — ver,"Personalised foam prints from Pixora. Upload your photo, preview on a live product mockup, and we print and ship premium quality to your door. Ideal for home décor or gifting.",foam_400x500-mm-16x20-inch_5-mm_black_4-0_ver,https://upload.wikimedia.org/wikipedia/commons/c/ca/1x1.png,Yes
Foam prints — hor,"Personalised foam prints from Pixora. Upload your photo, preview on a live product mockup, and we print and ship premium quality to your door. Ideal for home décor or gifting.",foam_400x500-mm-16x20-inch_5-mm_white_4-0_hor,https://upload.wikimedia.org/wikipedia/commons/c/ca/1x1.png,Yes
Foam prints — ver,"Personalised foam prints from Pixora. Upload your photo, preview on a live product mockup, and we print and ship premium quality to your door. Ideal for home décor or gifting.",foam_400x500-mm-16x20-inch_5-mm_white_4-0_ver,https://upload.wikimedia.org/wikipedia/commons/c/ca/1x1.png,Yes
Foam prints — hor,"Personalised foam prints from Pixora. Upload your photo, preview on a live product mockup, and we print and ship premium quality to your door. Ideal for home décor or gifting.",foam_400x600-mm-16x24-inch_5-mm_black_4-0_hor,https://upload.wikimedia.org/wikipedia/commons/c/ca/1x1.png,Yes
Foam prints — ver,"Personalised foam prints from Pixora. Upload your photo, preview on a live product mockup, and we print and ship premium quality to your door. Ideal for home décor or gifting.",foam_400x600-mm-16x24-inch_5-mm_black_4-0_ver,https://upload.wikimedia.org/wikipedia/commons/c/ca/1x1.png,Yes
Foam prints — hor,"Personalised foam prints from Pixora. Upload your photo, preview on a live product mockup, and we print and ship premium quality to your door. Ideal for home décor or gifting.",foam_400x600-mm-16x24-inch_5-mm_white_4-0_hor,https://upload.wikimedia.org/wikipedia/commons/c/ca/1x1.png,Yes
Foam prints — ver,"Personalised foam prints from Pixora. Upload your photo, preview on a live product mockup, and we print and ship premium quality to your door. Ideal for home décor or gifting.",foam_400x600-mm-16x24-inch_5-mm_white_4-0_ver,https://upload.wikimedia.org/wikipedia/commons/c/ca/1x1.png,Yes
Foam prints — hor,"Personalised foam prints from Pixora. Upload your photo, preview on a live product mockup, and we print and ship premium quality to your door. Ideal for home décor or gifting.",foam_450x600-mm-18x24-inch_5-mm_black_4-0_hor,https://upload.wikimedia.org/wikipedia/commons/c/ca/1x1.png,Yes
Foam prints — ver,"Personalised foam prints from Pixora. Upload your photo, preview on a live product mockup, and we print and ship premium quality to your door. Ideal for home décor or gifting.",foam_450x600-mm-18x24-inch_5-mm_black_4-0_ver,https://upload.wikimedia.org/wikipedia/commons/c/ca/1x1.png,Yes
Foam prints — hor,"Personalised foam prints from Pixora. Upload your photo, preview on a live product mockup, and we print and ship premium quality to your door. Ideal for home décor or gifting.",foam_450x600-mm-18x24-inch_5-mm_white_4-0_hor,https://upload.wikimedia.org/wikipedia/commons/c/ca/1x1.png,Yes
Foam prints — ver,"Personalised foam prints from Pixora. Upload your photo, preview on a live product mockup, and we print and ship premium quality to your door. Ideal for home décor or gifting.",foam_450x600-mm-18x24-inch_5-mm_white_4-0_ver,https://upload.wikimedia.org/wikipedia/commons/c/ca/1x1.png,Yes
Foam prints — hor,"Personalised foam prints from Pixora. Upload your photo, preview on a live product mockup, and we print and ship premium quality to your door. Ideal for home décor or gifting.",foam_500x500-mm-20x20-inch_5-mm_black_4-0_hor,https://upload.wikimedia.org/wikipedia/commons/c/ca/1x1.png,Yes
Foam prints — ver,"Personalised foam prints from Pixora. Upload your photo, preview on a live product mockup, and we print and ship premium quality to your door. Ideal for home décor or gifting.",foam_500x500-mm-20x20-inch_5-mm_black_4-0_ver,https://upload.wikimedia.org/wikipedia/commons/c/ca/1x1.png,Yes
Foam prints — hor,"Personalised foam prints from Pixora. Upload your photo, preview on a live product mockup, and we print and ship premium quality to your door. Ideal for home décor or gifting.",foam_500x500-mm-20x20-inch_5-mm_white_4-0_hor,https://upload.wikimedia.org/wikipedia/commons/c/ca/1x1.png,Yes
Foam prints — ver,"Personalised foam prints from Pixora. Upload your photo, preview on a live product mockup, and we print and ship premium quality to your door. Ideal for home décor or gifting.",foam_500x500-mm-20x20-inch_5-mm_white_4-0_ver,https://upload.wikimedia.org/wikipedia/commons/c/ca/1x1.png,Yes
Foam prints — hor,"Personalised foam prints from Pixora. Upload your photo, preview on a live product mockup, and we print and ship premium quality to your door. Ideal for home décor or gifting.",foam_500x700-mm-20x28-inch_5-mm_black_4-0_hor,https://upload.wikimedia.org/wikipedia/commons/c/ca/1x1.png,Yes
Foam prints — ver,"Personalised foam prints from Pixora. Upload your photo, preview on a live product mockup, and we print and ship premium quality to your door. Ideal for home décor or gifting.",foam_500x700-mm-20x28-inch_5-mm_black_4-0_ver,https://upload.wikimedia.org/wikipedia/commons/c/ca/1x1.png,Yes
Foam prints — hor,"Personalised foam prints from Pixora. Upload your photo, preview on a live product mockup, and we print and ship premium quality to your door. Ideal for home décor or gifting.",foam_500x700-mm-20x28-inch_5-mm_white_4-0_hor,https://upload.wikimedia.org/wikipedia/commons/c/ca/1x1.png,Yes
Foam prints — ver,"Personalised foam prints from Pixora. Upload your photo, preview on a live product mockup, and we print and ship premium quality to your door. Ideal for home décor or gifting.",foam_500x700-mm-20x28-inch_5-mm_white_4-0_ver,https://upload.wikimedia.org/wikipedia/commons/c/ca/1x1.png,Yes
Foam prints — hor,"Personalised foam prints from Pixora. Upload your photo, preview on a live product mockup, and we print and ship premium quality to your door. Ideal for home décor or gifting.",foam_500x750-mm-20x30-inch_5-mm_black_4-0_hor,https://upload.wikimedia.org/wikipedia/commons/c/ca/1x1.png,Yes
Foam prints — ver,"Personalised foam prints from Pixora. Upload your photo, preview on a live product mockup, and we print and ship premium quality to your door. Ideal for home décor or gifting.",foam_500x750-mm-20x30-inch_5-mm_black_4-0_ver,https://upload.wikimedia.org/wikipedia/commons/c/ca/1x1.png,Yes
Foam prints — hor,"Personalised foam prints from Pixora. Upload your photo, preview on a live product mockup, and we print and ship premium quality to your door. Ideal for home décor or gifting.",foam_500x750-mm-20x30-inch_5-mm_white_4-0_hor,https://upload.wikimedia.org/wikipedia/commons/c/ca/1x1.png,Yes
Foam prints — ver,"Personalised foam prints from Pixora. Upload your photo, preview on a live product mockup, and we print and ship premium quality to your door. Ideal for home décor or gifting.",foam_500x750-mm-20x30-inch_5-mm_white_4-0_ver,https://upload.wikimedia.org/wikipedia/commons/c/ca/1x1.png,Yes
Foam prints — hor,"Personalised foam prints from Pixora. Upload your photo, preview on a live product mockup, and we print and ship premium quality to your door. Ideal for home décor or gifting.",foam_600x600-mm-24x24-inch_5-mm_black_4-0_hor,https://upload.wikimedia.org/wikipedia/commons/c/ca/1x1.png,Yes
Foam prints — ver,"Personalised foam prints from Pixora. Upload your photo, preview on a live product mockup, and we print and ship premium quality to your door. Ideal for home décor or gifting.",foam_600x600-mm-24x24-inch_5-mm_black_4-0_ver,https://upload.wikimedia.org/wikipedia/commons/c/ca/1x1.png,Yes
Foam prints — hor,"Personalised foam prints from Pixora. Upload your photo, preview on a live product mockup, and we print and ship premium quality to your door. Ideal for home décor or gifting.",foam_600x600-mm-24x24-inch_5-mm_white_4-0_hor,https://upload.wikimedia.org/wikipedia/commons/c/ca/1x1.png,Yes
Foam prints — ver,"Personalised foam prints from Pixora. Upload your photo, preview on a live product mockup, and we print and ship premium quality to your door. Ideal for home décor or gifting.",foam_600x600-mm-24x24-inch_5-mm_white_4-0_ver,https://upload.wikimedia.org/wikipedia/commons/c/ca/1x1.png,Yes
Foam prints — hor,"Personalised foam prints from Pixora. Upload your photo, preview on a live product mockup, and we print and ship premium quality to your door. Ideal for home décor or gifting.",foam_600x800-mm-24x32-inch_5-mm_black_4-0_hor,https://upload.wikimedia.org/wikipedia/commons/c/ca/1x1.png,Yes
Foam prints — ver,"Personalised foam prints from Pixora. Upload your photo, preview on a live product mockup, and we print and ship premium quality to your door. Ideal for home décor or gifting.",foam_600x800-mm-24x32-inch_5-mm_black_4-0_ver,https://upload.wikimedia.org/wikipedia/commons/c/ca/1x1.png,Yes
Foam prints — hor,"Personalised foam prints from Pixora. Upload your photo, preview on a live product mockup, and we print and ship premium quality to your door. Ideal for home décor or gifting.",foam_600x800-mm-24x32-inch_5-mm_white_4-0_hor,https://upload.wikimedia.org/wikipedia/commons/c/ca/1x1.png,Yes
Foam prints — ver,"Personalised foam prints from Pixora. Upload your photo, preview on a live product mockup, and we print and ship premium quality to your door. Ideal for home décor or gifting.",foam_600x800-mm-24x32-inch_5-mm_white_4-0_ver,https://upload.wikimedia.org/wikipedia/commons/c/ca/1x1.png,Yes
Foam prints — hor,"Personalised foam prints from Pixora. Upload your photo, preview on a live product mockup, and we print and ship premium quality to your door. Ideal for home décor or gifting.",foam_600x900-mm-24x36-inch_5-mm_black_4-0_hor,https://upload.wikimedia.org/wikipedia/commons/c/ca/1x1.png,Yes
Foam prints — ver,"Personalised foam prints from Pixora. Upload your photo, preview on a live product mockup, and we print and ship premium quality to your door. Ideal for home décor or gifting.",foam_600x900-mm-24x36-inch_5-mm_black_4-0_ver,https://upload.wikimedia.org/wikipedia/commons/c/ca/1x1.png,Yes
Foam prints — hor,"Personalised foam prints from Pixora. Upload your photo, preview on a live product mockup, and we print and ship premium quality to your door. Ideal for home décor or gifting.",foam_600x900-mm-24x36-inch_5-mm_white_4-0_hor,https://upload.wikimedia.org/wikipedia/commons/c/ca/1x1.png,Yes
Foam prints — ver,"Personalised foam prints from Pixora. Upload your photo, preview on a live product mockup, and we print and ship premium quality to your door. Ideal for home décor or gifting.",foam_600x900-mm-24x36-inch_5-mm_white_4-0_ver,https://upload.wikimedia.org/wikipedia/commons/c/ca/1x1.png,Yes
Foam prints — hor,"Personalised foam prints from Pixora. Upload your photo, preview on a live product mockup, and we print and ship premium quality to your door. Ideal for home décor or gifting.",foam_700x1000-mm-28x40-inch_5-mm_black_4-0_hor,https://upload.wikimedia.org/wikipedia/commons/c/ca/1x1.png,Yes
Foam prints — ver,"Personalised foam prints from Pixora. Upload your photo, preview on a live product mockup, and we print and ship premium quality to your door. Ideal for home décor or gifting.",foam_700x1000-mm-28x40-inch_5-mm_black_4-0_ver,https://upload.wikimedia.org/wikipedia/commons/c/ca/1x1.png,Yes
Foam prints — hor,"Personalised foam prints from Pixora. Upload your photo, preview on a live product mockup, and we print and ship premium quality to your door. Ideal for home décor or gifting.",foam_700x1000-mm-28x40-inch_5-mm_white_4-0_hor,https://upload.wikimedia.org/wikipedia/commons/c/ca/1x1.png,Yes
Foam prints — ver,"Personalised foam prints from Pixora. Upload your photo, preview on a live product mockup, and we print and ship premium quality to your door. Ideal for home décor or gifting.",foam_700x1000-mm-28x40-inch_5-mm_white_4-0_ver,https://upload.wikimedia.org/wikipedia/commons/c/ca/1x1.png,Yes
Foam prints — hor,"Personalised foam prints from Pixora. Upload your photo, preview on a live product mockup, and we print and ship premium quality to your door. Ideal for home décor or gifting.",foam_8x12-inch-200x300-mm_5-mm_black_4-0_hor,https://upload.wikimedia.org/wikipedia/commons/c/ca/1x1.png,Yes
Foam prints — ver,"Personalised foam prints from Pixora. Upload your photo, preview on a live product mockup, and we print and ship premium quality to your door. Ideal for home décor or gifting.",foam_8x12-inch-200x300-mm_5-mm_black_4-0_ver,https://upload.wikimedia.org/wikipedia/commons/c/ca/1x1.png,Yes
Foam prints — hor,"Personalised foam prints from Pixora. Upload your photo, preview on a live product mockup, and we print and ship premium quality to your door. Ideal for home décor or gifting.",foam_8x12-inch-200x300-mm_5-mm_white_4-0_hor,https://upload.wikimedia.org/wikipedia/commons/c/ca/1x1.png,Yes
Foam prints — ver,"Personalised foam prints from Pixora. Upload your photo, preview on a live product mockup, and we print and ship premium quality to your door. Ideal for home décor or gifting.",foam_8x12-inch-200x300-mm_5-mm_white_4-0_ver,https://upload.wikimedia.org/wikipedia/commons/c/ca/1x1.png,Yes
Foam prints — hor,"Personalised foam prints from Pixora. Upload your photo, preview on a live product mockup, and we print and ship premium quality to your door. Ideal for home décor or gifting.",foam_8x24-inch-200x600-mm_5-mm_black_4-0_hor,https://upload.wikimedia.org/wikipedia/commons/c/ca/1x1.png,Yes
Foam prints — ver,"Personalised foam prints from Pixora. Upload your photo, preview on a live product mockup, and we print and ship premium quality to your door. Ideal for home décor or gifting.",foam_8x24-inch-200x600-mm_5-mm_black_4-0_ver,https://upload.wikimedia.org/wikipedia/commons/c/ca/1x1.png,Yes
Foam prints — hor,"Personalised foam prints from Pixora. Upload your photo, preview on a live product mockup, and we print and ship premium quality to your door. Ideal for home décor or gifting.",foam_8x24-inch-200x600-mm_5-mm_white_4-0_hor,https://upload.wikimedia.org/wikipedia/commons/c/ca/1x1.png,Yes
Foam prints — ver,"Personalised foam prints from Pixora. Upload your photo, preview on a live product mockup, and we print and ship premium quality to your door. Ideal for home décor or gifting.",foam_8x24-inch-200x600-mm_5-mm_white_4-0_ver,https://upload.wikimedia.org/wikipedia/commons/c/ca/1x1.png,Yes
Foam prints — hor,"Personalised foam prints from Pixora. Upload your photo, preview on a live product mockup, and we print and ship premium quality to your door. Ideal for home décor or gifting.",foam_8x8-inch-200x200-mm_5-mm_black_4-0_hor,https://upload.wikimedia.org/wikipedia/commons/c/ca/1x1.png,Yes
Foam prints — ver,"Personalised foam prints from Pixora. Upload your photo, preview on a live product mockup, and we print and ship premium quality to your door. Ideal for home décor or gifting.",foam_8x8-inch-200x200-mm_5-mm_black_4-0_ver,https://upload.wikimedia.org/wikipedia/commons/c/ca/1x1.png,Yes
Foam prints — hor,"Personalised foam prints from Pixora. Upload your photo, preview on a live product mockup, and we print and ship premium quality to your door. Ideal for home décor or gifting.",foam_8x8-inch-200x200-mm_5-mm_white_4-0_hor,https://upload.wikimedia.org/wikipedia/commons/c/ca/1x1.png,Yes
Foam prints — ver,"Personalised foam prints from Pixora. Upload your photo, preview on a live product mockup, and we print and ship premium quality to your door. Ideal for home décor or gifting.",foam_8x8-inch-200x200-mm_5-mm_white_4-0_ver,https://upload.wikimedia.org/wikipedia/commons/c/ca/1x1.png,Yes
